model,backbone,seed,roc_kl0,pr_kl0,roc_kl1,pr_kl1,roc_kl2,pr_kl2,roc_kl3,pr_kl3,roc_kl4,pr_kl4,roc_macro,pr_macro
vanilla,resnet18,0,0.8898798669873498,0.7903990088913208,0.6559966216216216,0.26457767742510563,0.8498953597459767,0.6658781759887091,0.9656620530168138,0.8533614073876391,0.9784252641866714,0.8733795069963347,0.8679718331116867,0.6895191553378218
vanilla,resnet18,1,0.8786805834460494,0.7868829325526567,0.6960651828298887,0.29215156147977317,0.8545056372508202,0.7067111604361433,0.9719112902468715,0.8725565373230728,0.9859018997006903,0.9073035845925828,0.877412918694864,0.7131211552768457
vanilla,resnet18,2,0.9005190324729981,0.8199556674270169,0.6971159578696344,0.2903605003497453,0.8659550019151663,0.7077472841432214,0.975669594660141,0.8591103242666409,0.990470954737035,0.900987092871654,0.8859461083309949,0.7156321738116558
vanilla,densenet121,0,0.913244791594536,0.850777283418197,0.7406945548489666,0.32021350199341386,0.8874936855019124,0.7484625699341829,0.9755913618455434,0.8980748758952748,0.9970191191741494,0.9196270651345643,0.9028087025930216,0.7474310592751265
vanilla,densenet121,1,0.9233946231744229,0.8637568077795985,0.7563294912559619,0.35066947843663304,0.8916052795680421,0.7555241240658408,0.978689381303609,0.8916400365152558,0.9954920285871358,0.9295952810968907,0.9091021607778345,0.7582371455788437
vanilla,densenet121,2,0.9125877300292523,0.8508238146737345,0.7231493441971383,0.3273877260905386,0.8894699152330674,0.7323291609369876,0.9743646713126528,0.880257170768234,0.9966037505344817,0.9206762678130423,0.8992350822613187,0.7422948280565074
baseline,resnet18,0,0.8965212667900773,0.8160832444555561,0.7031622615262321,0.2848132398130029,0.8682346976350007,0.7102102743309539,0.9651676216285567,0.8641268879165499,0.9977399059312199,0.9395103050173047,0.8861651507022174,0.7229487903066735
baseline,resnet18,1,0.9063217939781154,0.8388797707401839,0.7279908585055643,0.3126669805704159,0.8772998188456079,0.7213667279473541,0.9697927456275679,0.8812114989288701,0.9971290696964143,0.9249484175113253,0.8957068573306539,0.7358146791396298
baseline,resnet18,2,0.908911570592571,0.8400660764718179,0.7207174085850556,0.31002072144315695,0.8716542412147522,0.7083124450143611,0.9734822051639918,0.878116540689397,0.9968480850284038,0.9338708562378676,0.8943227021169549,0.7340773279713202
baseline,densenet121,0,0.9197553945985538,0.8608636205434377,0.752648052464229,0.32352916391063957,0.8904635813057549,0.7525265281385124,0.977997803222566,0.9037601707730645,0.9976177386842588,0.935637237289106,0.9076965140550725,0.755263344130952
baseline,densenet121,1,0.9133709720356444,0.8403408403091347,0.7375993640699524,0.33103022575422825,0.890800354537094,0.7454379238807023,0.9715263847990512,0.8948477057835562,0.9978620731781809,0.9229429277406431,0.9022318297239845,0.746919924693653
baseline,densenet121,2,0.9184581981125253,0.8555024984631152,0.7443735095389507,0.3248640432893025,0.9017602877745766,0.7692636855529524,0.9770324102904315,0.9093073380830846,0.997422271089121,0.9268921378331554,0.9078093353611211,0.7571659406443221
ordinal,resnet18,0,0.9019747239033458,0.823122296493179,0.7158013712241652,0.2882301499398945,0.8747000035157645,0.7175938094299178,0.9765974358412688,0.8856878607047982,0.9952721275426057,0.9317483859077607,0.8928691324054299,0.7292765004951101
ordinal,resnet18,1,0.9057324389909873,0.8298035344740989,0.7287013116057234,0.3152424450665984,0.8900583431867259,0.7489217957780276,0.975963750043028,0.8922078784131922,0.9967870014049234,0.9205577935158072,0.8994485690462776,0.7413466894495448
ordinal,resnet18,2,0.9095270849394411,0.8361604438061849,0.7211546104928459,0.30697845868513995,0.8760563484529712,0.7179168773334472,0.9725559286391559,0.889625710156231,0.9972268034939833,0.9225568024556057,0.8953041552036793,0.7346476584873217
ordinal,densenet121,0,0.9042567433443665,0.8299413670252356,0.7251018481717011,0.3137953732144552,0.8818481078710566,0.7249811898319293,0.9681623737713536,0.883217342798994,0.9976666055830431,0.9263092253472063,0.8954071357483041,0.7356488996435641
ordinal,densenet121,1,0.9202185691445736,0.8584381721328673,0.7491876987281398,0.3481380622908953,0.8911722854134632,0.7585576234226366,0.9783827086703863,0.8864235071843434,0.9969091686518844,0.947558075363486,0.9071740861216894,0.7598230880788457
ordinal,densenet121,2,0.9187321019968825,0.856644242361524,0.7487231717011129,0.333542642205685,0.8796331762341721,0.7301744857951172,0.9720646265634827,0.8918056499630947,0.9979109400769653,0.9398949470392879,0.9034128033145231,0.7504123934729418
attention,resnet18,0,0.9031365072330628,0.825552696621739,0.7241156597774245,0.29725269483393985,0.8772905668337581,0.7304097883673545,0.9757259222866513,0.8939896187320824,0.9973734041903366,0.9348461356788146,0.8955284120642467,0.736410186846786
attention,resnet18,1,0.9037904912266125,0.8255305311805151,0.7314387917329094,0.3274889676447175,0.8697150195309971,0.7033613652155077,0.9705782030861281,0.8869699539421168,0.9932319345183557,0.8935962854614081,0.8937508880190006,0.7273894206888529
attention,resnet18,2,0.9031395848047973,0.8257545299790872,0.6994659181240063,0.2828184314973564,0.8638011335564919,0.694824968140801,0.975046861455944,0.8816863599401907,0.9976299554089548,0.9468203495515338,0.8878166906700388,0.7263809278217938
attention,densenet121,0,0.9219666298896845,0.8654414798465967,0.7478189586645468,0.335417649416035,0.8872494323890731,0.7375530781305217,0.9735291448527502,0.8662830895346761,0.994404740089182,0.9125113299922079,0.9049937811770473,0.7434413253840075
attention,densenet121,1,0.9152467520077309,0.8479842925563124,0.7474239864864864,0.3513151892602422,0.890844764193974,0.749418894230658,0.9777099064648469,0.9007499599341319,0.9959929142996763,0.9346070533761475,0.9054436646905428,0.7568150778714984
attention,densenet121,2,0.917638025245321,0.8505239328521993,0.7467135333863274,0.31640863478867104,0.8899177126066062,0.7428422687676947,0.9709599792213645,0.898060634442403,0.9970313358988456,0.9327379179122377,0.9044521172716931,0.7481146777526412
full,resnet18,0,0.9047568487511983,0.8330106001401677,0.7224190182829888,0.3101522592542991,0.8724388118196302,0.7307361014465251,0.975046861455944,0.875433559362333,0.9971290696964145,0.9373198285560985,0.8943581220012351,0.7373304697518848
full,resnet18,1,0.9064587459202941,0.822217990918589,0.7079118640699522,0.2986278722836952,0.8748461853029941,0.729378875992989,0.9688758570404838,0.8876277491541135,0.9968969519271883,0.9052926374445915,0.8909979208521825,0.7286290251587957
full,resnet18,2,0.9095932527317295,0.8430584654166138,0.7122689785373609,0.30439656609935106,0.8699407686201364,0.6978685615495955,0.9651331991901337,0.8712253884862042,0.9970069024494532,0.9111282708879778,0.8907886203057629,0.7255354504879484
full,densenet121,0,0.9222466889175103,0.8661888112335748,0.745183326709062,0.3146944902312893,0.8906893303948944,0.7525987186493481,0.9773594234554495,0.9049336634375602,0.9978254230040926,0.9355668571569347,0.9066608384962018,0.7547965081417415
full,densenet121,1,0.9196030547977035,0.8576769966496441,0.7442368839427663,0.34435474325384097,0.8876047096441121,0.7487090812274536,0.9770621387599786,0.8913508131171749,0.9951255268462524,0.9301397272433753,0.9047264627981626,0.7544462722982977
full,densenet121,2,0.9225836830224217,0.8636929924471827,0.7402126391096979,0.3280852301425686,0.8913184672006927,0.7362461469146221,0.9768368282539374,0.9119847156963201,0.9980819742227108,0.9043369472876849,0.9058067183618921,0.7488692064976757
