backbone,comparison,metric,diff,ci_low,ci_high,p
ResNet-18,ProtoNet vs Softmax CNN + LA (tau = 1),accuracy,0.03019323671497587,0.014694041867954977,0.04528985507246375,0.0
ResNet-18,ProtoNet vs Softmax CNN + LA (tau = 1),f1_macro,0.028366243885180942,0.011702665768239195,0.04472800008881951,0.0
ResNet-18,ProtoNet vs Softmax CNN + LA (tau = 1),f1_kl1,0.032984096484550474,0.0008547718101719476,0.0653099906302619,0.042
ResNet-18,ProtoNet vs Softmax CNN + LA (tau = 1),qwk,0.018815101264512357,0.009475342483400007,0.027972262965752892,0.0
ResNet-18,ProtoNet vs Softmax CNN + LA (tau tuned on val),accuracy,0.010064412238325326,-0.005037238325281823,0.025367351046698846,0.196
ResNet-18,ProtoNet vs Softmax CNN + LA (tau tuned on val),f1_macro,0.020228726380146056,0.00569773813052816,0.03517831327916983,0.011
ResNet-18,ProtoNet vs Softmax CNN + LA (tau tuned on val),f1_kl1,0.06511609145794839,0.0312876865285812,0.09970873549002071,0.002
ResNet-18,ProtoNet vs Softmax CNN + LA (tau tuned on val),qwk,0.01584429660900455,0.006936663714698218,0.025498005499513542,0.001
DenseNet-121,ProtoNet vs Softmax CNN + LA (tau = 1),accuracy,0.006038647342995085,-0.0066425120772947155,0.019323671497584405,0.39
DenseNet-121,ProtoNet vs Softmax CNN + LA (tau = 1),f1_macro,0.010675356435872474,-0.002990473925826248,0.023670317025526598,0.112
DenseNet-121,ProtoNet vs Softmax CNN + LA (tau = 1),f1_kl1,0.017807411278197016,-0.010673301753520032,0.04731729336318069,0.214
DenseNet-121,ProtoNet vs Softmax CNN + LA (tau = 1),qwk,0.01426990381447446,0.0067983565678326145,0.021693290734054262,0.0
DenseNet-121,ProtoNet vs Softmax CNN + LA (tau tuned on val),accuracy,-0.014694041867954866,-0.028386674718196468,-0.0014090177133654347,0.034
DenseNet-121,ProtoNet vs Softmax CNN + LA (tau tuned on val),f1_macro,0.004387084974083688,-0.007830208148166753,0.016671655489934063,0.507
DenseNet-121,ProtoNet vs Softmax CNN + LA (tau tuned on val),f1_kl1,0.03908008375114003,0.009053754974617065,0.06904631651845922,0.008
DenseNet-121,ProtoNet vs Softmax CNN + LA (tau tuned on val),qwk,0.01100910914227815,0.002718833397142259,0.019315488051369328,0.008
