backbone,method,seed,tau,accuracy,f1_macro,f1_kl1,qwk
resnet18,Softmax CNN,0,0.0,0.6564009661835749,0.6467990586100638,0.2362204724409449,0.8065092628789159
resnet18,Softmax CNN + LA (tau = 1),0,1.0,0.6485507246376812,0.6455321937294025,0.2902097902097902,0.8062415200903127
resnet18,Softmax CNN + LA (tau tuned on val),0,0.1,0.657608695652174,0.6486500920160131,0.24561403508771926,0.8069755915388228
resnet18,ProtoNet,0,,0.6431159420289855,0.6724733456996347,0.3288490284005979,0.8206894596586721
resnet18,Softmax CNN,1,0.0,0.6413043478260869,0.6717760602163555,0.30839694656488553,0.8158591327168123
resnet18,Softmax CNN + LA (tau = 1),1,1.0,0.6189613526570048,0.6674994788242344,0.34916559691912713,0.8149783181041769
resnet18,Softmax CNN + LA (tau tuned on val),1,0.0,0.6413043478260869,0.6717760602163555,0.30839694656488553,0.8158591327168123
resnet18,ProtoNet,1,,0.6521739130434783,0.6857492049622026,0.3813443072702332,0.8372364177623418
resnet18,Softmax CNN,2,0.0,0.6461352657004831,0.6722749897670985,0.3323442136498516,0.8207041491430689
resnet18,Softmax CNN + LA (tau = 1),2,1.0,0.589975845410628,0.6441503168960754,0.35550458715596334,0.8118420144676797
resnet18,Softmax CNN + LA (tau tuned on val),2,0.5,0.6189613526570048,0.6611683897324483,0.3444730077120822,0.8191395423730574
resnet18,ProtoNet,2,,0.6527777777777778,0.6840581704434177,0.383638928067701,0.8315812790346924
densenet121,Softmax CNN,0,0.0,0.696256038647343,0.6942541774953952,0.2979591836734694,0.8384495588517407
densenet121,Softmax CNN + LA (tau = 1),0,1.0,0.6684782608695652,0.6899176834473102,0.375,0.8355186854471179
densenet121,Softmax CNN + LA (tau tuned on val),0,0.4,0.6908212560386473,0.7005822090343391,0.3351749539594843,0.8387385005333747
densenet121,ProtoNet,0,,0.6702898550724637,0.7030589819867823,0.4043419267299864,0.8541961377415915
densenet121,Softmax CNN,1,0.0,0.6980676328502415,0.6920299472362357,0.34128440366972473,0.8438700991173894
densenet121,Softmax CNN + LA (tau = 1),1,1.0,0.6570048309178744,0.6857508359737394,0.39892904953145913,0.8393928208302606
densenet121,Softmax CNN + LA (tau tuned on val),1,0.4,0.6890096618357487,0.6958633631831065,0.38338658146964866,0.8476340525238867
densenet121,ProtoNet,1,,0.660024154589372,0.6953702069070722,0.3864864864864865,0.8449072828930501
densenet121,Softmax CNN,2,0.0,0.6769323671497585,0.6732534655020885,0.2889733840304183,0.830428121311166
densenet121,Softmax CNN + LA (tau = 1),2,1.0,0.6630434782608695,0.6903839220607169,0.3520485584218513,0.8339384800758107
densenet121,Softmax CNN + LA (tau tuned on val),2,0.7,0.6708937198067633,0.6884716836496876,0.3435980551053484,0.8322598173125169
densenet121,ProtoNet,2,,0.6763285024154589,0.6996493218955295,0.3885714285714286,0.8525562771619708
