run,ord_epoch1,ord_epoch5,ord_epoch30,ce_epoch1,ce_epoch30,adjacent_proto_dist
ordinal_resnet18_seed0,0.20656941150639044,0.03395655223208925,0.0,1.29944472623908,0.4390707045793533,7.105708
ordinal_resnet18_seed1,0.1719278265494327,0.04424474233680445,0.0051894024014472965,1.2966155798538872,0.49294085865435394,5.7837276
ordinal_resnet18_seed2,0.18831999123744342,0.05009037433192134,0.0005472604995188506,1.2888261877972147,0.46719874946967416,6.8596363
ordinal_densenet121_seed0,0.22768193671034406,0.021210373853049847,0.004443976153498111,1.3143661752991054,0.38639916311139644,6.651017
ordinal_densenet121_seed1,0.21705681226499704,0.03271928112548978,0.0027083065198815386,1.3209566670915356,0.4219050543463748,7.6343927
ordinal_densenet121_seed2,0.21495904894545675,0.030858361433543587,0.002318831630375074,1.2821393230687017,0.4172325657761615,8.853617
full_resnet18_seed0,0.19033953514071586,0.018984680396059286,0.0032500364858171213,1.248880932642066,0.41388741550238234,6.388183
full_resnet18_seed1,0.11722716508514207,0.027293986689461314,0.0024432542531386665,1.2034923434257507,0.42117019904696423,4.8700366
full_resnet18_seed2,0.14981050823369751,0.03948681006896431,0.005070775143964135,1.1744105758874313,0.43917187374571093,4.7267733
full_densenet121_seed0,0.1776696505025029,0.015442399405266928,0.0012741544972295347,1.23556090178697,0.35577735265959864,7.6707554
full_densenet121_seed1,0.14736885991676346,0.018002576364771178,0.0,1.2564687086188275,0.37313097793122996,7.219634
full_densenet121_seed2,0.16546103157022077,0.023564065150592638,0.006730624385502027,1.2356956761816273,0.37449632416600764,6.8969216
