Backbone,Model,Recall KL 0,Recall KL I,Recall KL II,Recall KL III,Recall KL IV,KL I -> KL 0,KL I -> KL II
ResNet-18,Softmax CNN,76.78664580073031,30.743243243243242,62.1923937360179,77.72795216741405,78.43137254901961,42.9054054054054,24.774774774774773
ResNet-18,ProtoNet,69.74439227960355,43.35585585585586,62.11782252050708,81.31539611360239,83.00653594771242,29.72972972972973,25.11261261261261
ResNet-18,ProtoNet + Ordinal,69.69222743870631,45.4954954954955,62.41610738255034,82.95964125560538,82.3529411764706,29.054054054054053,24.324324324324323
ResNet-18,ProtoNet + CBAM,69.84872196139801,43.130630630630634,61.44668158090977,81.46487294469357,81.69934640522875,30.18018018018018,25.33783783783784
ResNet-18,ProtoNet + Ordinal + CBAM,70.16171100678143,41.666666666666664,63.68381804623415,80.56801195814649,83.00653594771242,30.292792792792792,26.576576576576578
DenseNet-121,Softmax CNN,83.67240479916536,27.25225225225225,68.75466070096942,80.86696562032886,79.08496732026144,44.14414414414414,27.364864864864863
DenseNet-121,ProtoNet,70.37037037037037,48.1981981981982,64.65324384787472,82.8101644245142,81.69934640522875,27.59009009009009,23.64864864864865
DenseNet-121,ProtoNet + Ordinal,72.87428273343767,46.28378378378378,63.60924683072334,81.16591928251121,84.9673202614379,28.265765765765767,24.324324324324323
DenseNet-121,ProtoNet + CBAM,73.65675534689619,47.409909909909906,65.54809843400447,81.01644245142003,82.3529411764706,29.954954954954953,21.283783783783782
DenseNet-121,ProtoNet + Ordinal + CBAM,71.62232655190401,46.3963963963964,64.42953020134229,81.76382660687594,82.3529411764706,26.126126126126128,26.576576576576578
