model,backbone,seed,spearman_rho,constraint_satisfied
vanilla,resnet18,0,0.832690661274484,3
vanilla,resnet18,1,0.832690661274484,3
vanilla,resnet18,2,0.832690661274484,3
vanilla,densenet121,0,0.832690661274484,3
vanilla,densenet121,1,0.7119187333033755,3
vanilla,densenet121,2,0.832690661274484,3
baseline,resnet18,0,0.7119187333033755,3
baseline,resnet18,1,0.7119187333033755,3
baseline,resnet18,2,0.7119187333033755,3
baseline,densenet121,0,0.788195740443023,3
baseline,densenet121,1,0.7119187333033755,3
baseline,densenet121,2,0.7119187333033755,3
ordinal,resnet18,0,0.7119187333033755,3
ordinal,resnet18,1,0.7119187333033755,3
ordinal,resnet18,2,0.7119187333033755,3
ordinal,densenet121,0,0.788195740443023,3
ordinal,densenet121,1,0.7119187333033755,3
ordinal,densenet121,2,0.7119187333033755,3
attention,resnet18,0,0.7119187333033755,3
attention,resnet18,1,0.7119187333033755,3
attention,resnet18,2,0.7119187333033755,3
attention,densenet121,0,0.788195740443023,3
attention,densenet121,1,0.7119187333033755,3
attention,densenet121,2,0.7119187333033755,3
full,resnet18,0,0.7119187333033755,3
full,resnet18,1,0.7119187333033755,3
full,resnet18,2,0.7119187333033755,3
full,densenet121,0,0.7119187333033755,3
full,densenet121,1,0.788195740443023,3
full,densenet121,2,0.7119187333033755,3
