backbone,comparison,metric,diff,ci_low,ci_high,p,mcnemar_p,p_holm
ResNet-18,ProtoNet vs Softmax CNN,accuracy,0.0014090177133655457,-0.014090177133655239,0.01630434782608692,0.89,0.288; 0.402; 0.603,1.0
ResNet-18,ProtoNet vs Softmax CNN,f1_macro,0.017143537503912287,0.001948947666237247,0.031779736302242526,0.03,,0.15
ResNet-18,ProtoNet vs Softmax CNN,f1_kl1,0.07229021036095007,0.03699330258909111,0.10948710922946207,0.0,,0.0
ResNet-18,ProtoNet vs Softmax CNN,qwk,0.015478203905636367,0.005826524177570819,0.025223981208264596,0.002,,0.008
ResNet-18,ProtoNet + Ordinal vs Softmax CNN,accuracy,0.007850241545893644,-0.007452697262480007,0.023550724637681153,0.342,0.377; 0.055; 0.402,1.0
ResNet-18,ProtoNet + Ordinal vs Softmax CNN,f1_macro,0.022004984112891868,0.005633235523081354,0.03769330700391505,0.005,,0.035
ResNet-18,ProtoNet + Ordinal vs Softmax CNN,f1_kl1,0.08269357475124683,0.04666664350846105,0.12082511587856493,0.0,,0.0
ResNet-18,ProtoNet + Ordinal vs Softmax CNN,qwk,0.02632594146255507,0.01705636324676941,0.0359284594972477,0.0,,0.0
ResNet-18,ProtoNet + CBAM vs Softmax CNN,accuracy,-0.0006038647342994086,-0.015101650563607152,0.014090177133655457,0.939,0.602; 0.271; 0.471,1.0
ResNet-18,ProtoNet + CBAM vs Softmax CNN,f1_macro,0.016531159693501052,0.0021597351241279153,0.03062552461240422,0.024,,0.14400000000000002
ResNet-18,ProtoNet + CBAM vs Softmax CNN,f1_kl1,0.06865530348486176,0.035499520370116645,0.10236060163735468,0.0,,0.0
ResNet-18,ProtoNet + CBAM vs Softmax CNN,qwk,0.01562815401835016,0.006138771764067205,0.025560962553644616,0.003,,0.009000000000000001
ResNet-18,ProtoNet + Ordinal + CBAM vs Softmax CNN,accuracy,0.0032206119162641045,-0.012479871175523294,0.018724838969404023,0.698,0.503; 0.507; 0.451,1.0
ResNet-18,ProtoNet + Ordinal + CBAM vs Softmax CNN,f1_macro,0.011823280169421913,-0.004456858975626943,0.02709391085443035,0.151,,0.604
ResNet-18,ProtoNet + Ordinal + CBAM vs Softmax CNN,f1_kl1,0.06888590373850578,0.0346792634038398,0.1051285987195759,0.0,,0.0
ResNet-18,ProtoNet + Ordinal + CBAM vs Softmax CNN,qwk,0.01890704729270465,0.009609148842658686,0.028675226589260427,0.0,,0.0
ResNet-18,ProtoNet + Ordinal vs ProtoNet,accuracy,0.006441223832528098,-0.004830917874396157,0.018518518518518382,0.268,0.910; 0.198; 0.715,1.0
ResNet-18,ProtoNet + Ordinal vs ProtoNet,f1_macro,0.0048614466089795805,-0.0077198488791412724,0.01773433940825735,0.451,,1.0
ResNet-18,ProtoNet + Ordinal vs ProtoNet,f1_kl1,0.010403364390296765,-0.013900039097640874,0.036179985722283245,0.409,,1.0
ResNet-18,ProtoNet + Ordinal vs ProtoNet,qwk,0.010847737556918702,0.0037163084651720413,0.018295650039225668,0.0,,0.0
ResNet-18,ProtoNet + CBAM vs ProtoNet,accuracy,-0.0020128824476649543,-0.013687600644122225,0.009661835748792313,0.74,0.572; 0.815; 0.115,1.0
ResNet-18,ProtoNet + CBAM vs ProtoNet,f1_macro,-0.0006123778104112354,-0.012806756453881416,0.011657035076129314,0.91,,1.0
ResNet-18,ProtoNet + CBAM vs ProtoNet,f1_kl1,-0.0036349068760883063,-0.02941161978743801,0.022458886263697693,0.793,,1.0
ResNet-18,ProtoNet + CBAM vs ProtoNet,qwk,0.00014995011271379255,-0.0074219250859515916,0.007483492365071585,0.984,,0.984
ResNet-18,ProtoNet + Ordinal + CBAM vs ProtoNet,accuracy,0.0018115942028985588,-0.009661835748792313,0.013285024154589214,0.749,0.688; 0.866; 0.813,1.0
ResNet-18,ProtoNet + Ordinal + CBAM vs ProtoNet,f1_macro,-0.005320257334490375,-0.01835891916205946,0.007084381779153054,0.407,,1.0
ResNet-18,ProtoNet + Ordinal + CBAM vs ProtoNet,f1_kl1,-0.0034043066224442864,-0.027568099504839357,0.021297838050886867,0.787,,1.0
ResNet-18,ProtoNet + Ordinal + CBAM vs ProtoNet,qwk,0.003428843387068281,-0.0034608706155058316,0.01047183459903633,0.336,,0.672
DenseNet-121,ProtoNet vs Softmax CNN,accuracy,-0.0215378421900162,-0.03643317230273757,-0.006637479871175472,0.009,0.024; 0.002; 1.000,0.05399999999999999
DenseNet-121,ProtoNet vs Softmax CNN,f1_macro,0.012846973518554905,-0.0016560154488619136,0.026960870718185596,0.079,,0.474
DenseNet-121,ProtoNet vs Softmax CNN,f1_kl1,0.0837276234714297,0.04901306322598419,0.12080646312874989,0.0,,0.0
DenseNet-121,ProtoNet vs Softmax CNN,qwk,0.012970639505438863,0.004478028523964184,0.02160233872410027,0.004,,0.028
DenseNet-121,ProtoNet + Ordinal vs Softmax CNN,accuracy,-0.019323671497584627,-0.034219001610306,-0.003824476650563624,0.013,0.021; 0.038; 0.747,0.065
DenseNet-121,ProtoNet + Ordinal vs Softmax CNN,f1_macro,0.012032227061094525,-0.00517235238696522,0.029156040695409346,0.181,,0.724
DenseNet-121,ProtoNet + Ordinal vs Softmax CNN,f1_kl1,0.08725089825538057,0.04985504613843469,0.12585719133380643,0.0,,0.0
DenseNet-121,ProtoNet + Ordinal vs Softmax CNN,qwk,0.005636196508294167,-0.0033508403883494215,0.01523063050464532,0.255,,0.765
DenseNet-121,ProtoNet + CBAM vs Softmax CNN,accuracy,-0.010064412238325438,-0.0253623188405796,0.005434782608695568,0.165,0.236; 0.048; 0.633,0.495
DenseNet-121,ProtoNet + CBAM vs Softmax CNN,f1_macro,0.01851186533212046,0.0037747554641844815,0.03351266901186261,0.017,,0.11900000000000001
DenseNet-121,ProtoNet + CBAM vs Softmax CNN,f1_kl1,0.09636746562971743,0.05906016618985861,0.13482675913386416,0.0,,0.0
DenseNet-121,ProtoNet + CBAM vs Softmax CNN,qwk,0.010115821707229133,0.0009950156731869137,0.01929350838764088,0.031,,0.155
DenseNet-121,ProtoNet + Ordinal + CBAM vs Softmax CNN,accuracy,-0.021739130434782705,-0.03583433977455732,-0.006038647342995304,0.004,0.017; 0.010; 0.525,0.028
DenseNet-121,ProtoNet + Ordinal + CBAM vs Softmax CNN,f1_macro,0.011723604980577895,-0.0028896675027181933,0.027460315937248694,0.117,,0.5850000000000001
DenseNet-121,ProtoNet + Ordinal + CBAM vs Softmax CNN,f1_kl1,0.07531328196515669,0.03945101423006673,0.11453887571911008,0.0,,0.0
DenseNet-121,ProtoNet + Ordinal + CBAM vs Softmax CNN,qwk,0.012244045381195279,0.0038078672769430834,0.02109977628585139,0.006,,0.036000000000000004
DenseNet-121,ProtoNet + Ordinal vs ProtoNet,accuracy,0.002214170692431572,-0.010069444444444598,0.01388888888888895,0.725,0.837; 0.230; 0.761,1.0
DenseNet-121,ProtoNet + Ordinal vs ProtoNet,f1_macro,-0.0008147464574603802,-0.013815835014121484,0.011854750726062027,0.886,,1.0
DenseNet-121,ProtoNet + Ordinal vs ProtoNet,f1_kl1,0.0035232747839508693,-0.02286228329822369,0.027995606497214737,0.777,,1.0
DenseNet-121,ProtoNet + Ordinal vs ProtoNet,qwk,-0.007334442997144697,-0.014299497215249191,-0.000496760847735429,0.033,,0.155
DenseNet-121,ProtoNet + CBAM vs ProtoNet,accuracy,0.011473429951690761,-0.0014090177133654403,0.023555756843800284,0.084,0.254; 0.173; 0.539,0.336
DenseNet-121,ProtoNet + CBAM vs ProtoNet,f1_macro,0.0056648918135655535,-0.006749718561113929,0.018020023334732318,0.363,,1.0
DenseNet-121,ProtoNet + CBAM vs ProtoNet,f1_kl1,0.012639842158287729,-0.0144687235454754,0.03864708011683564,0.346,,1.0
DenseNet-121,ProtoNet + CBAM vs ProtoNet,qwk,-0.00285481779820973,-0.011005881594386382,0.00506757944712185,0.462,,0.924
DenseNet-121,ProtoNet + Ordinal + CBAM vs ProtoNet,accuracy,-0.00020128824476650653,-0.011473429951690872,0.011272141706924258,0.963,0.950; 0.500; 0.505,1.0
DenseNet-121,ProtoNet + Ordinal + CBAM vs ProtoNet,f1_macro,-0.0011233685379770098,-0.01203562757930946,0.01000422651419884,0.823,,1.0
DenseNet-121,ProtoNet + Ordinal + CBAM vs ProtoNet,f1_kl1,-0.008414341506273015,-0.03352785743264594,0.015250978121168535,0.483,,1.0
DenseNet-121,ProtoNet + Ordinal + CBAM vs ProtoNet,qwk,-0.0007265941242435847,-0.006793230716940268,0.005988519809215016,0.828,,0.924
