backbone,model,accuracy_mean,accuracy_std,f1_macro_mean,f1_macro_std,precision_macro_mean,precision_macro_std,recall_macro_mean,recall_macro_std,mae_mean,mae_std,qwk_mean,qwk_std,within_one_mean,within_one_std,f1_kl0_mean,f1_kl0_std,f1_kl1_mean,f1_kl1_std,f1_kl2_mean,f1_kl2_std,f1_kl3_mean,f1_kl3_std,f1_kl4_mean,f1_kl4_std
resnet18,vanilla,0.6479468599033816,0.007709628825364621,0.663616702864506,0.01456664344919171,0.6809008782900543,0.01148654366596616,0.6517632149928502,0.015538412065062457,0.40740740740740744,0.007764614139285788,0.8143575149129324,0.007215597067101004,0.944645732689211,0.012728994970823176,0.7498231889570807,0.023062199785554398,0.29232054421856063,0.05003780011451249,0.6443449288487871,0.0038513827903492314,0.8017390628149825,0.024814737882148243,0.8298557894831187,0.022858448783520027
resnet18,baseline,0.6493558776167472,0.005412371038546189,0.6807602403684183,0.0072262968991430795,0.6884465306323747,0.012587477494767444,0.6790800054345626,0.005343067010898583,0.3892914653784219,0.013151687780933688,0.8298357188185688,0.008410451294207408,0.9613526570048309,0.00816893071163566,0.7444061026537333,0.01051235635513656,0.36461075457951075,0.030991807233891566,0.6452204852949411,0.015972451330618406,0.8029955290114889,0.00762102410668432,0.846568330302418,0.008516178955514752
resnet18,ordinal,0.6557971014492754,0.010318845103040522,0.6856216869773978,0.006147719561768345,0.6929196691946576,0.005411943533929812,0.6858328254976561,0.0065374019808298505,0.375,0.013326133146566376,0.8406834563754875,0.007066649189374798,0.9694041867954911,0.0027229769038785447,0.744694637512664,0.005993562459113258,0.37501411896980735,0.008786365646329546,0.6617450809475406,0.028205212998130898,0.8150041120200839,0.0039691330618234055,0.8316504854368931,0.010400591643372502
resnet18,attention,0.6473429951690822,0.009296379419287851,0.6801478625580071,0.0033723582284701384,0.6916536108135237,0.003870444847514018,0.6751805070457215,0.0038935479371248706,0.39009661835748793,0.009718283175984941,0.8299856689312826,0.005430625052358055,0.96256038647343,0.001207729468598956,0.7409770151223002,0.009934770628431691,0.36097584770342245,0.007768380755273518,0.6459429298951475,0.013154322632753467,0.8056144016176608,0.0035694840516871805,0.8472291184515043,0.031877822494742664
resnet18,full,0.6511674718196457,0.00411042227388529,0.6754399830339279,0.00022144162083363947,0.6772697855891807,0.007564333221659017,0.6781734872510823,0.007135519580758343,0.3862721417069243,0.004241406502758771,0.833264562205637,0.003597480011192725,0.96256038647343,0.0015976759124785669,0.744750096982302,0.0031374249907934215,0.3612064479570664,0.013974806309728367,0.655557709891112,0.010646708152978255,0.7908137667341126,0.013709366669759148,0.8248718936050473,0.015233719374839718
densenet121,vanilla,0.6904186795491144,0.011714560810750002,0.6865125300779065,0.01153641604358662,0.700061757753236,0.009780860789268915,0.6792625013859547,0.017657885262619293,0.3609098228663446,0.012321405751049029,0.837582593093432,0.00676279631922407,0.9492753623188405,0.003019323671497598,0.7928374280122084,0.015262576603751896,0.30940565712453744,0.02797100301697249,0.6829300071737684,0.015291976692424304,0.8050590463730775,0.0010220910921277186,0.8423305117059406,0.03322386659868174
densenet121,baseline,0.6688808373590982,0.008242993248568134,0.6993595035964614,0.0038525720683004585,0.7119843102413457,0.005773617411982294,0.6954626464923725,0.010533011675003076,0.355877616747182,0.007693846559426889,0.8505532325988708,0.004957806646153257,0.9754428341384863,0.0027229769038786002,0.7565460966960685,0.008250110316496001,0.39313328059596714,0.009762789406344858,0.6780328583546749,0.010921799272910851,0.8272013439417569,0.01523130231481991,0.8418839383938393,0.01899941327037883
densenet121,ordinal,0.6710950080515298,0.0033258276251727815,0.698544757139001,0.00573007885718362,0.7046400189552303,0.008515912673105846,0.6978011057837877,0.005029213883646369,0.36312399355877617,0.011399029899168892,0.8432187896017261,0.009926059522232156,0.9657809983896941,0.008198636012244867,0.7692899450108435,0.0077574706743651104,0.396656555379918,0.005831397987177522,0.6611334064775557,0.008896129316369858,0.8044994210435746,0.004131666176485221,0.8611444577831132,0.01726262873959422
densenet121,attention,0.6803542673107891,0.004020729540144565,0.7050243954100271,0.006447926965020687,0.7152028629382882,0.004680835264386524,0.6999682946374023,0.00800074896605368,0.35185185185185186,0.009554302968040102,0.8476984148006611,0.00787034826644835,0.9683977455716586,0.005479330752341494,0.769410385661573,0.013089336019044356,0.40577312275425487,0.008501671959030519,0.6847823845947674,0.01126911255740004,0.8168458234602177,0.014639441211699801,0.8483102605793226,0.02165333329275249
densenet121,full,0.6686795491143317,0.0006972829338038989,0.6982361350584844,0.0005056668085627489,0.7106100579309417,0.003224321990858105,0.6931300418659784,0.00391253141000063,0.35688405797101447,0.003959805872163024,0.8498266384746272,0.0037979433110933722,0.9744363929146539,0.0034337202313269115,0.7689753154155922,0.0035519384448559053,0.38471893908969407,0.015063469581998444,0.666108215440954,0.00701527259117125,0.8199993174573924,0.010231467452383177,0.8513788878887888,0.0028423991544640733
