Backbone,Model,roc_macro,pr_macro,roc_kl1,pr_kl1,roc_kl4,pr_kl4
ResNet-18,Softmax CNN,0.877 ± 0.009,0.706 ± 0.014,0.683 ± 0.023,0.282 ± 0.015,0.985 ± 0.006,0.894 ± 0.018
ResNet-18,ProtoNet,0.892 ± 0.005,0.731 ± 0.007,0.717 ± 0.013,0.303 ± 0.015,0.997 ± 0.000,0.933 ± 0.007
ResNet-18,ProtoNet + Ordinal,0.896 ± 0.003,0.735 ± 0.006,0.722 ± 0.006,0.303 ± 0.014,0.996 ± 0.001,0.925 ± 0.006
ResNet-18,ProtoNet + CBAM,0.892 ± 0.004,0.730 ± 0.006,0.718 ± 0.017,0.303 ± 0.023,0.996 ± 0.002,0.925 ± 0.028
ResNet-18,ProtoNet + Ordinal + CBAM,0.892 ± 0.002,0.730 ± 0.006,0.714 ± 0.007,0.304 ± 0.006,0.997 ± 0.000,0.918 ± 0.017
DenseNet-121,Softmax CNN,0.904 ± 0.005,0.749 ± 0.008,0.740 ± 0.017,0.333 ± 0.016,0.996 ± 0.001,0.923 ± 0.005
DenseNet-121,ProtoNet,0.906 ± 0.003,0.753 ± 0.005,0.745 ± 0.008,0.326 ± 0.004,0.998 ± 0.000,0.928 ± 0.006
DenseNet-121,ProtoNet + Ordinal,0.902 ± 0.006,0.749 ± 0.012,0.741 ± 0.014,0.332 ± 0.017,0.997 ± 0.001,0.938 ± 0.011
DenseNet-121,ProtoNet + CBAM,0.905 ± 0.000,0.749 ± 0.007,0.747 ± 0.001,0.334 ± 0.017,0.996 ± 0.001,0.927 ± 0.012
DenseNet-121,ProtoNet + Ordinal + CBAM,0.906 ± 0.001,0.753 ± 0.003,0.743 ± 0.003,0.329 ± 0.015,0.997 ± 0.002,0.923 ± 0.017
