Backbone,Model,accuracy,f1_macro,precision_macro,recall_macro,mae,qwk,within_one,f1_kl0,f1_kl1,f1_kl2,f1_kl3,f1_kl4
ResNet-18,Softmax CNN,0.648 ± 0.008,0.664 ± 0.015,0.681 ± 0.011,0.652 ± 0.016,0.407 ± 0.008,0.814 ± 0.007,0.945 ± 0.013,0.750 ± 0.023,0.292 ± 0.050,0.644 ± 0.004,0.802 ± 0.025,0.830 ± 0.023
ResNet-18,ProtoNet,0.649 ± 0.005,0.681 ± 0.007,0.688 ± 0.013,0.679 ± 0.005,0.389 ± 0.013,0.830 ± 0.008,0.961 ± 0.008,0.744 ± 0.011,0.365 ± 0.031,0.645 ± 0.016,0.803 ± 0.008,0.847 ± 0.009
ResNet-18,ProtoNet + Ordinal,0.656 ± 0.010,0.686 ± 0.006,0.693 ± 0.005,0.686 ± 0.007,0.375 ± 0.013,0.841 ± 0.007,0.969 ± 0.003,0.745 ± 0.006,0.375 ± 0.009,0.662 ± 0.028,0.815 ± 0.004,0.832 ± 0.010
ResNet-18,ProtoNet + CBAM,0.647 ± 0.009,0.680 ± 0.003,0.692 ± 0.004,0.675 ± 0.004,0.390 ± 0.010,0.830 ± 0.005,0.963 ± 0.001,0.741 ± 0.010,0.361 ± 0.008,0.646 ± 0.013,0.806 ± 0.004,0.847 ± 0.032
ResNet-18,ProtoNet + Ordinal + CBAM,0.651 ± 0.004,0.675 ± 0.000,0.677 ± 0.008,0.678 ± 0.007,0.386 ± 0.004,0.833 ± 0.004,0.963 ± 0.002,0.745 ± 0.003,0.361 ± 0.014,0.656 ± 0.011,0.791 ± 0.014,0.825 ± 0.015
DenseNet-121,Softmax CNN,0.690 ± 0.012,0.687 ± 0.012,0.700 ± 0.010,0.679 ± 0.018,0.361 ± 0.012,0.838 ± 0.007,0.949 ± 0.003,0.793 ± 0.015,0.309 ± 0.028,0.683 ± 0.015,0.805 ± 0.001,0.842 ± 0.033
DenseNet-121,ProtoNet,0.669 ± 0.008,0.699 ± 0.004,0.712 ± 0.006,0.695 ± 0.011,0.356 ± 0.008,0.851 ± 0.005,0.975 ± 0.003,0.757 ± 0.008,0.393 ± 0.010,0.678 ± 0.011,0.827 ± 0.015,0.842 ± 0.019
DenseNet-121,ProtoNet + Ordinal,0.671 ± 0.003,0.699 ± 0.006,0.705 ± 0.009,0.698 ± 0.005,0.363 ± 0.011,0.843 ± 0.010,0.966 ± 0.008,0.769 ± 0.008,0.397 ± 0.006,0.661 ± 0.009,0.804 ± 0.004,0.861 ± 0.017
DenseNet-121,ProtoNet + CBAM,0.680 ± 0.004,0.705 ± 0.006,0.715 ± 0.005,0.700 ± 0.008,0.352 ± 0.010,0.848 ± 0.008,0.968 ± 0.005,0.769 ± 0.013,0.406 ± 0.009,0.685 ± 0.011,0.817 ± 0.015,0.848 ± 0.022
DenseNet-121,ProtoNet + Ordinal + CBAM,0.669 ± 0.001,0.698 ± 0.001,0.711 ± 0.003,0.693 ± 0.004,0.357 ± 0.004,0.850 ± 0.004,0.974 ± 0.003,0.769 ± 0.004,0.385 ± 0.015,0.666 ± 0.007,0.820 ± 0.010,0.851 ± 0.003
