backbone,model,seed,shot,adaptation,accuracy,f1_macro,f1_kl1,qwk
resnet18,vanilla,0,5,prototypes,0.48400947119179166,0.45997994721313,0.41088047034711717,0.7024989827464115
resnet18,vanilla,0,5,logistic regression,0.4849644830307814,0.4628288213275134,0.4063842003428421,0.6834639653158431
resnet18,vanilla,0,10,prototypes,0.51414653784219,0.49058960011563135,0.4398899155516315,0.7278286582187425
resnet18,vanilla,0,10,logistic regression,0.5230917874396135,0.5051143030957079,0.45732581223069524,0.7129443564665509
resnet18,vanilla,0,20,prototypes,0.5373573825503355,0.5126809886340992,0.45902922934180346,0.7488124413931295
resnet18,vanilla,0,20,logistic regression,0.5620553691275169,0.5481380266102264,0.4962069789286758,0.745155488587491
resnet18,vanilla,1,5,prototypes,0.5047355958958168,0.47308349592202886,0.4436402784594354,0.734777940985903
resnet18,vanilla,1,5,logistic regression,0.49766377269139705,0.47182642374604866,0.42866246550561593,0.7122132816842774
resnet18,vanilla,1,10,prototypes,0.5334380032206121,0.5014694558564865,0.47752189142725127,0.7566341096163081
resnet18,vanilla,1,10,logistic regression,0.542157809983897,0.5227503542408374,0.4718922675395716,0.745520653422964
resnet18,vanilla,1,20,prototypes,0.5535822147651007,0.5198785355807092,0.4972476645886176,0.7738564297795731
resnet18,vanilla,1,20,logistic regression,0.5829781879194631,0.5690997719134879,0.5123624770588564,0.7735541885725192
resnet18,vanilla,2,5,prototypes,0.48941594317284925,0.4586185406791028,0.40478280499658453,0.723671745465672
resnet18,vanilla,2,5,logistic regression,0.49635359116022104,0.47443948555632287,0.41919745342253933,0.707329146067706
resnet18,vanilla,2,10,prototypes,0.5170048309178745,0.48475816121162346,0.4295133249111973,0.747413608634559
resnet18,vanilla,2,10,logistic regression,0.5298631239935588,0.5114744822109129,0.45365221198950695,0.7322972954101543
resnet18,vanilla,2,20,prototypes,0.5288171140939597,0.4962540355611709,0.43519540639220894,0.7576327530697956
resnet18,vanilla,2,20,logistic regression,0.568271812080537,0.5537706959809985,0.5014102522285235,0.7610361169878691
resnet18,baseline,0,5,prototypes,0.5020363062352012,0.4826435596642873,0.43179655798028266,0.753142456022038
resnet18,baseline,0,5,logistic regression,0.49635359116022093,0.4785942479520374,0.4301834237562256,0.7186225852170068
resnet18,baseline,0,10,prototypes,0.5369162640901771,0.5155375961002335,0.4744217167032605,0.7792028714398334
resnet18,baseline,0,10,logistic regression,0.5345652173913042,0.5187754229968319,0.4716256281406816,0.7431620267584199
resnet18,baseline,0,20,prototypes,0.5543708053691274,0.5349848778556443,0.4880082878319179,0.792792558584906
resnet18,baseline,0,20,logistic regression,0.5674580536912752,0.5518470013459593,0.5166685584013604,0.7608703038212963
resnet18,baseline,1,5,prototypes,0.5097947908445146,0.48658369744033547,0.44257089959989415,0.776246649470038
resnet18,baseline,1,5,logistic regression,0.500481452249408,0.48372137950069316,0.43180430029492706,0.7357753937671325
resnet18,baseline,1,10,prototypes,0.5393961352657005,0.5182589877856998,0.464890947046075,0.7962530503841738
resnet18,baseline,1,10,logistic regression,0.5397101449275362,0.5257237638790606,0.4780355770320189,0.7571283959991186
resnet18,baseline,1,20,prototypes,0.5606040268456375,0.540741778776046,0.473228427856305,0.8129751094644928
resnet18,baseline,1,20,logistic regression,0.5772986577181208,0.5670612146467959,0.5167314329888122,0.7788471569012713
resnet18,baseline,2,5,prototypes,0.5160852407261247,0.4852269917488838,0.4654871439727033,0.7670453034239195
resnet18,baseline,2,5,logistic regression,0.5153906866614049,0.4880813703898854,0.4580154000707044,0.7378819747309866
resnet18,baseline,2,10,prototypes,0.5440821256038647,0.5135304108041381,0.5018703358160338,0.7877159690315283
resnet18,baseline,2,10,logistic regression,0.5484702093397745,0.5269270725265957,0.4908952063872652,0.7529871320298794
resnet18,baseline,2,20,prototypes,0.5636073825503356,0.534330010803645,0.5163448362656888,0.8039054267686656
resnet18,baseline,2,20,logistic regression,0.5828104026845637,0.5650854850054831,0.5363738776512212,0.7745141763132897
resnet18,ordinal,0,5,prototypes,0.4959510655090765,0.46506620937348697,0.4459413868306856,0.7457949649285383
resnet18,ordinal,0,5,logistic regression,0.5037016574585635,0.47755876117341345,0.4393819595858364,0.7215063341109466
resnet18,ordinal,0,10,prototypes,0.5241787439613527,0.49108306708086036,0.48467455536058635,0.7590463519011216
resnet18,ordinal,0,10,logistic regression,0.5472141706924316,0.5243433660271668,0.495917489561817,0.7434611508481703
resnet18,ordinal,0,20,prototypes,0.5426845637583892,0.512846752292146,0.4904244954775025,0.7749015464833552
resnet18,ordinal,0,20,logistic regression,0.5888087248322147,0.5696700438157583,0.5376383536119477,0.7703941026741167
resnet18,ordinal,1,5,prototypes,0.5045935280189423,0.48534255458071834,0.42082948280672666,0.7717132564831155
resnet18,ordinal,1,5,logistic regression,0.49052880820836625,0.46960640457485914,0.41735112217699233,0.7305491841851846
resnet18,ordinal,1,10,prototypes,0.5332045088566828,0.5140728297203951,0.456076453840368,0.7917638109989678
resnet18,ordinal,1,10,logistic regression,0.5301288244766506,0.5137123010342839,0.4697588479981539,0.7583832098040081
resnet18,ordinal,1,20,prototypes,0.552491610738255,0.5334222345056591,0.4633695074859295,0.8067802322449553
resnet18,ordinal,1,20,logistic regression,0.5668791946308724,0.552521898650949,0.511072795132879,0.7791154795941614
resnet18,ordinal,2,5,prototypes,0.5146250986582479,0.4860151941982437,0.46589263639113015,0.7674540004881435
resnet18,ordinal,2,5,logistic regression,0.505872138910813,0.48280377882658404,0.444348126152315,0.7227138546657627
resnet18,ordinal,2,10,prototypes,0.5453462157809984,0.5153632177493911,0.4914375317929299,0.7893312033324019
resnet18,ordinal,2,10,logistic regression,0.5514814814814815,0.5288923266489332,0.49983475306295816,0.7524343132843111
resnet18,ordinal,2,20,prototypes,0.5594211409395973,0.5316407517213226,0.49708010106933764,0.8054216020721827
resnet18,ordinal,2,20,logistic regression,0.5794379194630873,0.562008463856547,0.527188344509693,0.7736810235181605
densenet121,vanilla,0,5,prototypes,0.5003235990528808,0.4777946454006114,0.409134170574199,0.7309711805465829
densenet121,vanilla,0,5,logistic regression,0.5343883188634568,0.5172591951748265,0.4413921468089881,0.736752289279209
densenet121,vanilla,0,10,prototypes,0.523389694041868,0.5007102605323117,0.42353645945764506,0.7521485514561032
densenet121,vanilla,0,10,logistic regression,0.5703140096618358,0.558759893590492,0.4775675647266375,0.7673765381781433
densenet121,vanilla,0,20,prototypes,0.5390016778523491,0.5164094384961242,0.4231668800031956,0.7689320290413358
densenet121,vanilla,0,20,logistic regression,0.6148741610738254,0.6056638166638415,0.5340848978833658,0.8001113873302
densenet121,vanilla,1,5,prototypes,0.5011681136543015,0.47350611920604857,0.42939848863746477,0.7426507664522046
densenet121,vanilla,1,5,logistic regression,0.5332991318074191,0.5156793947659571,0.4436061141635062,0.7494144319803698
densenet121,vanilla,1,10,prototypes,0.5209017713365539,0.4956196618322516,0.4272223779638975,0.7619725749069098
densenet121,vanilla,1,10,logistic regression,0.5732689210950082,0.5613329433654697,0.4807650556750239,0.7772616130398542
densenet121,vanilla,1,20,prototypes,0.5369463087248322,0.5129281713466587,0.43585963746277456,0.7763835481258435
densenet121,vanilla,1,20,logistic regression,0.6184060402684564,0.6086358131250971,0.5373634150496739,0.8058521877859671
densenet121,vanilla,2,5,prototypes,0.5103472770323599,0.49490506974864873,0.40878469881256796,0.748209145415365
densenet121,vanilla,2,5,logistic regression,0.5411444356748225,0.5258885437455085,0.43713131714433245,0.7477472632021117
densenet121,vanilla,2,10,prototypes,0.5351046698872786,0.5199029554906514,0.4219587223641568,0.7656001824232096
densenet121,vanilla,2,10,logistic regression,0.5782045088566828,0.5680436267181208,0.4694294955222126,0.7739641933782093
densenet121,vanilla,2,20,prototypes,0.5561996644295302,0.5413005306617653,0.43530755897080164,0.7796527819915527
densenet121,vanilla,2,20,logistic regression,0.6169295302013423,0.6100265068674048,0.5233201851339764,0.7982875795111726
densenet121,baseline,0,5,prototypes,0.5321862667719022,0.5113139193872805,0.45836519506357876,0.7797295731685786
densenet121,baseline,0,5,logistic regression,0.5192028413575374,0.5006609153517724,0.4324437269536526,0.728262581629737
densenet121,baseline,0,10,prototypes,0.5594685990338164,0.5406524592167304,0.4832284811351893,0.7984407355917784
densenet121,baseline,0,10,logistic regression,0.5677294685990337,0.5507902079948289,0.4853138282761146,0.7639258616013924
densenet121,baseline,0,20,prototypes,0.5814261744966442,0.5645556492810884,0.4932476100300008,0.8174757311511424
densenet121,baseline,0,20,logistic regression,0.6108892617449664,0.5976002587358815,0.5345426854469396,0.795607328238259
densenet121,baseline,1,5,prototypes,0.5259116022099448,0.5044742252801973,0.4471125112631021,0.7676076164360403
densenet121,baseline,1,5,logistic regression,0.516858721389108,0.4998276329125178,0.416802603976414,0.7307193438469578
densenet121,baseline,1,10,prototypes,0.5579710144927537,0.5358693353014204,0.4798440670641881,0.7908399437087342
densenet121,baseline,1,10,logistic regression,0.5549919484702093,0.5420661445762621,0.449838165966582,0.762717333925704
densenet121,baseline,1,20,prototypes,0.5791946308724832,0.5571551080926783,0.5034749855503382,0.8068149541880935
densenet121,baseline,1,20,logistic regression,0.5993036912751678,0.5906001552586914,0.5051203465241582,0.7948330943088534
densenet121,baseline,2,5,prototypes,0.5561957379636937,0.5343985960166342,0.4749030563276488,0.794736344101279
densenet121,baseline,2,5,logistic regression,0.5312707182320442,0.5138368539262179,0.43045876977933306,0.7389876104012032
densenet121,baseline,2,10,prototypes,0.5820128824476651,0.5578373757669982,0.49864848341206147,0.8140546664767656
densenet121,baseline,2,10,logistic regression,0.577842190016103,0.5632356924343582,0.4821772534843968,0.7733741292064734
densenet121,baseline,2,20,prototypes,0.5965520134228188,0.572245273518771,0.5138022302177712,0.8261564077624064
densenet121,baseline,2,20,logistic regression,0.6164681208053693,0.6042810760800778,0.5264619073271795,0.8016073324139381
densenet121,ordinal,0,5,prototypes,0.5371112865035517,0.5148375207747414,0.4672073080572183,0.76998081001773
densenet121,ordinal,0,5,logistic regression,0.5218310970797159,0.5014163719672305,0.428547901116412,0.7343808308070523
densenet121,ordinal,0,10,prototypes,0.5687520128824477,0.548324877057225,0.485755711668196,0.7944569093001478
densenet121,ordinal,0,10,logistic regression,0.5606924315619968,0.5446749214036936,0.4644540295138198,0.770966446760881
densenet121,ordinal,0,20,prototypes,0.5905033557046979,0.5712501176081826,0.5096128378432373,0.8090433736662404
densenet121,ordinal,0,20,logistic regression,0.6018120805369127,0.5889019669778259,0.5151263827052337,0.7987579001717252
densenet121,ordinal,1,5,prototypes,0.5528413575374901,0.5278754704282682,0.48986804570826714,0.7849988445535335
densenet121,ordinal,1,5,logistic regression,0.519344909234412,0.49540489085323,0.43493069900176223,0.7325273797572946
densenet121,ordinal,1,10,prototypes,0.5860144927536232,0.5605203707986511,0.5259911933117148,0.809154811751095
densenet121,ordinal,1,10,logistic regression,0.5589452495974235,0.5395272631138326,0.48156940030580936,0.7609744785085485
densenet121,ordinal,1,20,prototypes,0.608506711409396,0.5841318711222311,0.5464261582849816,0.8263465951105294
densenet121,ordinal,1,20,logistic regression,0.6013590604026845,0.5847609173358552,0.5326242042096543,0.7933420392395613
densenet121,ordinal,2,5,prototypes,0.5550118389897396,0.5368635604925249,0.4780344171936395,0.7916014062658233
densenet121,ordinal,2,5,logistic regression,0.531681136543015,0.514686941805699,0.433938130912961,0.742950877571841
densenet121,ordinal,2,10,prototypes,0.5812399355877617,0.5624504003284553,0.5002521776303456,0.8103099732204525
densenet121,ordinal,2,10,logistic regression,0.5679307568438002,0.5545234293699542,0.47607586582164513,0.7738997982058012
densenet121,ordinal,2,20,prototypes,0.5970302013422818,0.5786698494369662,0.517857300325189,0.8223758327937929
densenet121,ordinal,2,20,logistic regression,0.609488255033557,0.5981981247864704,0.5263253676901869,0.798232389603373
