backbone,comparison,metric,diff,ci_low,ci_high,p,p_holm
ResNet-18,ProtoNet vs Softmax CNN,accuracy,-0.01934984520123839,-0.04024767801857587,0.0012964396284829158,0.066,0.132
ResNet-18,ProtoNet vs Softmax CNN,f1_macro,0.011603706633645794,-0.0068013399814202125,0.02984116347513104,0.231,0.6930000000000001
ResNet-18,ProtoNet vs Softmax CNN,f1_kl1,0.1701189183566231,0.13688903753545767,0.20472499181528975,0.0,0.0
ResNet-18,ProtoNet vs Softmax CNN,qwk,0.01689374578448022,-0.0034811723446357633,0.03757332587846359,0.112,0.336
ResNet-18,ProtoNet + Ordinal vs Softmax CNN,accuracy,-0.04643962848297206,-0.066047471620227,-0.026573787409700733,0.0,0.0
ResNet-18,ProtoNet + Ordinal vs Softmax CNN,f1_macro,-0.009055149319244282,-0.02710540822559116,0.009339136425464897,0.329,0.6930000000000001
ResNet-18,ProtoNet + Ordinal vs Softmax CNN,f1_kl1,0.07875391236810203,0.04672523431614248,0.11144692807085008,0.0,0.0
ResNet-18,ProtoNet + Ordinal vs Softmax CNN,qwk,-0.0034059085399474887,-0.023784461382349808,0.01849059717521739,0.733,0.733
ResNet-18,ProtoNet + CBAM vs Softmax CNN,accuracy,-0.01496388028895762,-0.03353973168214658,0.0036184210526316006,0.119,0.132
ResNet-18,ProtoNet + CBAM vs Softmax CNN,f1_macro,0.014004570550618767,-0.0035773459523171067,0.03256136410767808,0.124,0.496
ResNet-18,ProtoNet + CBAM vs Softmax CNN,f1_kl1,0.10450495442486532,0.0708844347355217,0.14156590553661422,0.0,0.0
ResNet-18,ProtoNet + CBAM vs Softmax CNN,qwk,0.022852265874258815,0.003940650679687107,0.043203514401776034,0.015,0.06
ResNet-18,ProtoNet + Ordinal + CBAM vs Softmax CNN,accuracy,-0.03379772961816302,-0.05521155830753355,-0.01315144478844166,0.0,0.0
ResNet-18,ProtoNet + Ordinal + CBAM vs Softmax CNN,f1_macro,-0.0016957825736512722,-0.02011175201242617,0.016048809071272267,0.866,0.866
ResNet-18,ProtoNet + Ordinal + CBAM vs Softmax CNN,f1_kl1,0.14705362678833975,0.11102443211093527,0.18185505568794572,0.0,0.0
ResNet-18,ProtoNet + Ordinal + CBAM vs Softmax CNN,qwk,0.01029299103076331,-0.010318522747880293,0.03127234679922378,0.337,0.674
DenseNet-121,ProtoNet vs Softmax CNN,accuracy,-0.09365325077399378,-0.11119711042311653,-0.07585139318885453,0.0,0.0
DenseNet-121,ProtoNet vs Softmax CNN,f1_macro,-0.06891367594920927,-0.08435492425944484,-0.05169045211645546,0.0,0.0
DenseNet-121,ProtoNet vs Softmax CNN,f1_kl1,-0.03508818537798997,-0.06758110493029731,-0.0036130059268249803,0.03,0.09
DenseNet-121,ProtoNet vs Softmax CNN,qwk,-0.11018822054159727,-0.12452448969129236,-0.09527818049690262,0.0,0.0
DenseNet-121,ProtoNet + Ordinal vs Softmax CNN,accuracy,-0.11222910216718268,-0.13183694530443757,-0.09313725490196079,0.0,0.0
DenseNet-121,ProtoNet + Ordinal vs Softmax CNN,f1_macro,-0.09004805010060038,-0.1073404672522244,-0.07238196769885244,0.0,0.0
DenseNet-121,ProtoNet + Ordinal vs Softmax CNN,f1_kl1,-0.043922496282797055,-0.07896689549779536,-0.010331098331484993,0.01,0.04
DenseNet-121,ProtoNet + Ordinal vs Softmax CNN,qwk,-0.11410574376455673,-0.12847719148582398,-0.09911175299757609,0.0,0.0
DenseNet-121,ProtoNet + CBAM vs Softmax CNN,accuracy,-0.07843137254901966,-0.0964912280701754,-0.05985552115583087,0.0,0.0
DenseNet-121,ProtoNet + CBAM vs Softmax CNN,f1_macro,-0.046659446030658636,-0.06419851919710384,-0.029445372560434138,0.0,0.0
DenseNet-121,ProtoNet + CBAM vs Softmax CNN,f1_kl1,-0.008818894959269713,-0.04343389781712785,0.02450427247284872,0.607,0.607
DenseNet-121,ProtoNet + CBAM vs Softmax CNN,qwk,-0.07481804491468269,-0.08978885005059885,-0.05953418916973977,0.0,0.0
DenseNet-121,ProtoNet + Ordinal + CBAM vs Softmax CNN,accuracy,-0.07688338493292057,-0.09520768833849327,-0.058049535603715174,0.0,0.0
DenseNet-121,ProtoNet + Ordinal + CBAM vs Softmax CNN,f1_macro,-0.059010161449626786,-0.07585366905114593,-0.04118399112218011,0.0,0.0
DenseNet-121,ProtoNet + Ordinal + CBAM vs Softmax CNN,f1_kl1,0.028718641060335615,-0.010012501378859727,0.06703048042157977,0.126,0.252
DenseNet-121,ProtoNet + Ordinal + CBAM vs Softmax CNN,qwk,-0.0746073926447669,-0.08963618423931934,-0.05947206444913718,0.0,0.0
