backbone,shot,comparison,metric,mean_diff,interval_low,interval_high,share_better
ResNet-18,1,ProtoNet vs Softmax CNN,accuracy,0.020771820771820774,-0.08890183890183886,0.13110593110593077,0.7
ResNet-18,1,ProtoNet vs Softmax CNN,f1_macro,0.01659718021811881,-0.06495490725999124,0.11394382506553313,0.65
ResNet-18,1,ProtoNet vs Softmax CNN,f1_kl1,0.04210085308047723,-0.13578469406291752,0.2242452873289329,0.65
ResNet-18,1,ProtoNet vs Softmax CNN,qwk,0.07436890548122234,-0.1452721792829295,0.25351004374810776,0.82
ResNet-18,1,ProtoNet + Ordinal vs Softmax CNN,accuracy,0.02077959077959078,-0.06912069412069409,0.10422817922817915,0.71
ResNet-18,1,ProtoNet + Ordinal vs Softmax CNN,f1_macro,0.01815535745662382,-0.04635650967901232,0.09128700209517669,0.75
ResNet-18,1,ProtoNet + Ordinal vs Softmax CNN,f1_kl1,0.03556351666274083,-0.12233775352712553,0.20715220794544717,0.6
ResNet-18,1,ProtoNet + Ordinal vs Softmax CNN,qwk,0.07700602225645455,-0.0653938171049442,0.27670164119920176,0.88
ResNet-18,1,ProtoNet + CBAM vs Softmax CNN,accuracy,0.01863247863247863,-0.06293058793058798,0.11128593628593622,0.66
ResNet-18,1,ProtoNet + CBAM vs Softmax CNN,f1_macro,0.014758057307745247,-0.06782247048092188,0.09345160372805164,0.69
ResNet-18,1,ProtoNet + CBAM vs Softmax CNN,f1_kl1,0.006769302623243274,-0.18528037104769693,0.21947810539263762,0.5
ResNet-18,1,ProtoNet + CBAM vs Softmax CNN,qwk,0.09187777909806562,-0.0662940110988022,0.26656175350776756,0.9
ResNet-18,1,ProtoNet + Ordinal + CBAM vs Softmax CNN,accuracy,0.01511784511784512,-0.06398601398601395,0.08575498575498573,0.66
ResNet-18,1,ProtoNet + Ordinal + CBAM vs Softmax CNN,f1_macro,0.01630809621604193,-0.06231473718754938,0.08315976089866253,0.7
ResNet-18,1,ProtoNet + Ordinal + CBAM vs Softmax CNN,f1_kl1,0.01355810976297067,-0.12793091211625826,0.1806397878506974,0.51
ResNet-18,1,ProtoNet + Ordinal + CBAM vs Softmax CNN,qwk,0.08601637889841239,-0.09775045514794428,0.24158465564410297,0.92
ResNet-18,5,ProtoNet vs Softmax CNN,accuracy,0.016585109181794268,-0.03157063930544589,0.06199026571954751,0.74
ResNet-18,5,ProtoNet vs Softmax CNN,f1_macro,0.020924088346414932,-0.016998456513615246,0.061086444624012234,0.8
ResNet-18,5,ProtoNet vs Softmax CNN,f1_kl1,0.02685034924991432,-0.07701555926366244,0.12518299794230325,0.69
ResNet-18,5,ProtoNet vs Softmax CNN,qwk,0.045161913239336327,0.002361379899893265,0.08916965162661145,0.98
ResNet-18,5,ProtoNet + Ordinal vs Softmax CNN,accuracy,0.012336227308602999,-0.03510918179426471,0.06194422520389368,0.76
ResNet-18,5,ProtoNet + Ordinal vs Softmax CNN,f1_macro,0.01491399144606247,-0.025443357669832096,0.05771276904869947,0.77
ResNet-18,5,ProtoNet + Ordinal vs Softmax CNN,f1_kl1,0.024453317408468414,-0.0752790941026619,0.13144949853171906,0.7
ResNet-18,5,ProtoNet + Ordinal vs Softmax CNN,qwk,0.041337850900603525,0.004805736112723696,0.08045695487048661,0.98
ResNet-18,5,ProtoNet + CBAM vs Softmax CNN,accuracy,-0.0007077084977637516,-0.05098000526177327,0.047908445146014215,0.5
ResNet-18,5,ProtoNet + CBAM vs Softmax CNN,f1_macro,-0.006099647729019702,-0.0555667039251273,0.03817432550334844,0.41
ResNet-18,5,ProtoNet + CBAM vs Softmax CNN,f1_kl1,-0.007296460909266824,-0.10500968946882756,0.08463122131133508,0.47
ResNet-18,5,ProtoNet + CBAM vs Softmax CNN,qwk,0.04180694726075063,0.00097691394501348,0.08487368351971018,0.98
ResNet-18,5,ProtoNet + Ordinal + CBAM vs Softmax CNN,accuracy,-0.002181004998684554,-0.059767166535122325,0.03922651933701656,0.45
ResNet-18,5,ProtoNet + Ordinal + CBAM vs Softmax CNN,f1_macro,-0.00354263106418768,-0.05451162218869233,0.035361785338699166,0.43
ResNet-18,5,ProtoNet + Ordinal + CBAM vs Softmax CNN,f1_kl1,-0.0001948517718378648,-0.0928087217331082,0.08951649655925405,0.5
ResNet-18,5,ProtoNet + Ordinal + CBAM vs Softmax CNN,qwk,0.04110777442261836,-0.004719203133924781,0.08845348671455402,0.96
ResNet-18,10,ProtoNet vs Softmax CNN,accuracy,0.018601717659688658,-0.009104938271604926,0.04737654320987647,0.88
ResNet-18,10,ProtoNet vs Softmax CNN,f1_macro,0.023503259168776755,-0.012945670479205954,0.05816578686980979,0.89
ResNet-18,10,ProtoNet vs Softmax CNN,f1_kl1,0.03141928922509648,-0.023806984233081904,0.08175556889698017,0.85
ResNet-18,10,ProtoNet vs Softmax CNN,qwk,0.043765171461975214,0.020582512279584596,0.06876001290494721,1.0
ResNet-18,10,ProtoNet + Ordinal vs Softmax CNN,accuracy,0.012713365539452477,-0.023497047772410084,0.04153918411164776,0.83
ResNet-18,10,ProtoNet + Ordinal vs Softmax CNN,f1_macro,0.014567299122301782,-0.020741177860021852,0.049124010546211905,0.74
ResNet-18,10,ProtoNet + Ordinal vs Softmax CNN,f1_kl1,0.028421136367934762,-0.0272927477595477,0.07460917955335053,0.9
ResNet-18,10,ProtoNet + Ordinal vs Softmax CNN,qwk,0.03608832992096045,-0.009004600935487364,0.06403817417210768,0.96
ResNet-18,10,ProtoNet + CBAM vs Softmax CNN,accuracy,-0.0069189479334407,-0.04188137412775096,0.023107890499194882,0.34
ResNet-18,10,ProtoNet + CBAM vs Softmax CNN,f1_macro,-0.012216678682227445,-0.052207793162156936,0.02257740001698016,0.26
ResNet-18,10,ProtoNet + CBAM vs Softmax CNN,f1_kl1,-0.012605059734161834,-0.08127484305254006,0.04278184433339647,0.44
ResNet-18,10,ProtoNet + CBAM vs Softmax CNN,qwk,0.03546163945301288,0.0003855796402148701,0.06907420934417095,0.97
ResNet-18,10,ProtoNet + Ordinal + CBAM vs Softmax CNN,accuracy,-0.005144927536231891,-0.0347893183038111,0.024604133118625856,0.38
ResNet-18,10,ProtoNet + Ordinal + CBAM vs Softmax CNN,f1_macro,-0.00637708293681223,-0.040967248110523186,0.027624492511770078,0.4
ResNet-18,10,ProtoNet + Ordinal + CBAM vs Softmax CNN,f1_kl1,-0.0023105196237052845,-0.05009827318195761,0.059934967820685046,0.47
ResNet-18,10,ProtoNet + Ordinal + CBAM vs Softmax CNN,qwk,0.03550172498611732,0.0077323947147560305,0.07066528491188066,0.99
ResNet-18,20,ProtoNet vs Softmax CNN,accuracy,0.01960850111856822,-0.0055928411633109935,0.04551873601789703,0.94
ResNet-18,20,ProtoNet vs Softmax CNN,f1_macro,0.02708103588645201,-0.0019389052090920094,0.053074354807010095,0.95
ResNet-18,20,ProtoNet vs Softmax CNN,f1_kl1,0.028703083877093912,-0.013332612833020325,0.07827344999844742,0.9
ResNet-18,20,ProtoNet vs Softmax CNN,qwk,0.04312382352518867,0.022017307608187965,0.06353659765513432,1.0
ResNet-18,20,ProtoNet + Ordinal vs Softmax CNN,accuracy,0.011613534675615204,-0.015184563758389327,0.03730425055928408,0.83
ResNet-18,20,ProtoNet + Ordinal vs Softmax CNN,f1_macro,0.016365392914382753,-0.013208860561919201,0.03941102808076328,0.86
ResNet-18,20,ProtoNet + Ordinal vs Softmax CNN,f1_kl1,0.01980060123671314,-0.028135109045193226,0.07627288229112336,0.79
ResNet-18,20,ProtoNet + Ordinal vs Softmax CNN,qwk,0.03560058551933152,0.01720451723136482,0.05718631257002201,1.0
ResNet-18,20,ProtoNet + CBAM vs Softmax CNN,accuracy,-0.011652684563758387,-0.03761884787472037,0.009507829977628668,0.17
ResNet-18,20,ProtoNet + CBAM vs Softmax CNN,f1_macro,-0.015384886353031323,-0.046509935089615345,0.010025037943042603,0.18
ResNet-18,20,ProtoNet + CBAM vs Softmax CNN,f1_kl1,-0.023348952033040788,-0.06560454545553288,0.02098711165862381,0.15
ResNet-18,20,ProtoNet + CBAM vs Softmax CNN,qwk,0.03321596034408926,0.00913957390297147,0.061401135847402304,1.0
ResNet-18,20,ProtoNet + Ordinal + CBAM vs Softmax CNN,accuracy,-0.008906599552572718,-0.03071168903803145,0.011654082774049206,0.23
ResNet-18,20,ProtoNet + Ordinal + CBAM vs Softmax CNN,f1_macro,-0.007811376503667863,-0.033227285270765225,0.018153707783091784,0.31
ResNet-18,20,ProtoNet + Ordinal + CBAM vs Softmax CNN,f1_kl1,-0.011777811594958885,-0.0575192540933746,0.022323845478329482,0.3
ResNet-18,20,ProtoNet + Ordinal + CBAM vs Softmax CNN,qwk,0.03332711323952189,0.013657619193351872,0.054206231820333385,1.0
DenseNet-121,1,ProtoNet vs Softmax CNN,accuracy,0.02794612794612795,-0.04123284123284121,0.10494042994042987,0.75
DenseNet-121,1,ProtoNet vs Softmax CNN,f1_macro,0.026403028944839348,-0.034610460623883184,0.09367443757962879,0.77
DenseNet-121,1,ProtoNet vs Softmax CNN,f1_kl1,0.025275432093842795,-0.13360335210387994,0.20513572541503045,0.62
DenseNet-121,1,ProtoNet vs Softmax CNN,qwk,0.05963960303188503,-0.05580080524462165,0.2171999088529679,0.85
DenseNet-121,1,ProtoNet + Ordinal vs Softmax CNN,accuracy,0.030062160062160066,-0.06271691271691271,0.10692178192178194,0.78
DenseNet-121,1,ProtoNet + Ordinal vs Softmax CNN,f1_macro,0.026927230769427966,-0.04231030723007477,0.09152748360800658,0.76
DenseNet-121,1,ProtoNet + Ordinal vs Softmax CNN,f1_kl1,0.024069593906329238,-0.18456144280170617,0.20327155145187034,0.63
DenseNet-121,1,ProtoNet + Ordinal vs Softmax CNN,qwk,0.05802352945324481,-0.0877163160787161,0.21557583549175402,0.8
DenseNet-121,1,ProtoNet + CBAM vs Softmax CNN,accuracy,0.011030821030821035,-0.07035094535094531,0.11168091168091153,0.6
DenseNet-121,1,ProtoNet + CBAM vs Softmax CNN,f1_macro,0.00997469241918999,-0.05466929767514944,0.0891033201273043,0.59
DenseNet-121,1,ProtoNet + CBAM vs Softmax CNN,f1_kl1,-0.001385492473701269,-0.16628930401358633,0.17027516403120677,0.55
DenseNet-121,1,ProtoNet + CBAM vs Softmax CNN,qwk,0.056601264234129235,-0.09657373979021458,0.21124270884264615,0.76
DenseNet-121,1,ProtoNet + Ordinal + CBAM vs Softmax CNN,accuracy,0.014397824397824402,-0.07279202279202286,0.13115125615125606,0.58
DenseNet-121,1,ProtoNet + Ordinal + CBAM vs Softmax CNN,f1_macro,0.012092428665295023,-0.06995784681831865,0.10451454221410873,0.61
DenseNet-121,1,ProtoNet + Ordinal + CBAM vs Softmax CNN,f1_kl1,0.006212224696787333,-0.15165308869228578,0.17750033800780748,0.51
DenseNet-121,1,ProtoNet + Ordinal + CBAM vs Softmax CNN,qwk,0.055045381557559676,-0.14384108367765866,0.24720161433924895,0.78
DenseNet-121,5,ProtoNet vs Softmax CNN,accuracy,0.03415153906866616,-0.008767429623783267,0.07726256248355695,0.94
DenseNet-121,5,ProtoNet vs Softmax CNN,f1_macro,0.034660302109601006,-0.008280832926470891,0.07958168382677847,0.93
DenseNet-121,5,ProtoNet vs Softmax CNN,f1_kl1,0.044354468210032645,-0.046108420341567355,0.1336527924541519,0.84
DenseNet-121,5,ProtoNet vs Softmax CNN,qwk,0.04008081376391515,0.0036721694054265537,0.08213504070953165,0.98
DenseNet-121,5,ProtoNet + Ordinal vs Softmax CNN,accuracy,0.04437516443041305,-0.002420415680084194,0.08867403314917112,0.96
DenseNet-121,5,ProtoNet + Ordinal vs Softmax CNN,f1_macro,0.04445690578007526,-0.007956019412500775,0.08620884039410395,0.95
DenseNet-121,5,ProtoNet + Ordinal vs Softmax CNN,f1_kl1,0.06259747097829771,-0.019163675474291837,0.13852145038502403,0.93
DenseNet-121,5,ProtoNet + Ordinal vs Softmax CNN,qwk,0.041583322807644825,0.002775273936390635,0.08266805156437702,0.98
DenseNet-121,5,ProtoNet + CBAM vs Softmax CNN,accuracy,0.0003288608260983966,-0.05109181794264661,0.04660615627466452,0.53
DenseNet-121,5,ProtoNet + CBAM vs Softmax CNN,f1_macro,-0.008281405530006504,-0.04245042247381727,0.03409554303959547,0.33
DenseNet-121,5,ProtoNet + CBAM vs Softmax CNN,f1_kl1,0.016737954310960854,-0.08658620555793337,0.11445829996980861,0.65
DenseNet-121,5,ProtoNet + CBAM vs Softmax CNN,qwk,0.026064986472894288,-0.017896157947722802,0.0633439269183876,0.89
DenseNet-121,5,ProtoNet + Ordinal + CBAM vs Softmax CNN,accuracy,0.004246250986582481,-0.044113391212838755,0.04465272296764006,0.6
DenseNet-121,5,ProtoNet + Ordinal + CBAM vs Softmax CNN,f1_macro,-0.002810213849310951,-0.05014768931469339,0.039384306813968054,0.49
DenseNet-121,5,ProtoNet + Ordinal + CBAM vs Softmax CNN,f1_kl1,0.0170197251709406,-0.07027148863205816,0.13087808272099005,0.58
DenseNet-121,5,ProtoNet + Ordinal + CBAM vs Softmax CNN,qwk,0.02228342459768138,-0.034510745965178474,0.05174925268438835,0.89
DenseNet-121,10,ProtoNet vs Softmax CNN,accuracy,0.04001878690284486,0.01662640901771344,0.06488862050456247,1.0
DenseNet-121,10,ProtoNet vs Softmax CNN,f1_macro,0.039375430809978094,0.011017574981967376,0.06256453665062903,0.99
DenseNet-121,10,ProtoNet vs Softmax CNN,f1_kl1,0.06300115727524647,-0.00925126210593483,0.12087606814361879,0.95
DenseNet-121,10,ProtoNet vs Softmax CNN,qwk,0.04120467899701865,0.022281441878898772,0.059024519471434674,1.0
DenseNet-121,10,ProtoNet + Ordinal vs Softmax CNN,accuracy,0.05220343531937733,0.024550456253354832,0.08111916264090173,1.0
DenseNet-121,10,ProtoNet + Ordinal vs Softmax CNN,f1_macro,0.05168759010970558,0.025101041418002425,0.07804144981749346,1.0
DenseNet-121,10,ProtoNet + Ordinal vs Softmax CNN,f1_kl1,0.07976050760818569,-0.0038689386403630505,0.1344381142018306,0.96
DenseNet-121,10,ProtoNet + Ordinal vs Softmax CNN,qwk,0.04473346182849096,0.022018869403125873,0.0740752886955618,1.0
DenseNet-121,10,ProtoNet + CBAM vs Softmax CNN,accuracy,0.0003408480944712855,-0.03486983360171767,0.026979334406870645,0.5
DenseNet-121,10,ProtoNet + CBAM vs Softmax CNN,f1_macro,-0.009624158711316963,-0.04181695011136058,0.025593386731628448,0.32
DenseNet-121,10,ProtoNet + CBAM vs Softmax CNN,f1_kl1,0.030623319484460985,-0.06936171528897106,0.10738086416977452,0.78
DenseNet-121,10,ProtoNet + CBAM vs Softmax CNN,qwk,0.028845951966157992,0.002733669053413565,0.0548313989188802,0.99
DenseNet-121,10,ProtoNet + Ordinal + CBAM vs Softmax CNN,accuracy,0.0031669350509930367,-0.028616478797638234,0.03629898013955987,0.55
DenseNet-121,10,ProtoNet + Ordinal + CBAM vs Softmax CNN,f1_macro,-0.006916583626529916,-0.03691043770323672,0.024529535913791055,0.36
DenseNet-121,10,ProtoNet + Ordinal + CBAM vs Softmax CNN,f1_kl1,0.030444308485031654,-0.07532506811497756,0.10805273330267022,0.78
DenseNet-121,10,ProtoNet + Ordinal + CBAM vs Softmax CNN,qwk,0.022852945981105797,-0.007745595090596561,0.04872900295155338,0.92
DenseNet-121,20,ProtoNet vs Softmax CNN,accuracy,0.04167505592841162,0.022637024608501127,0.06350671140939598,1.0
DenseNet-121,20,ProtoNet vs Softmax CNN,f1_macro,0.04110596346266319,0.016737687269383135,0.0673230802595572,1.0
DenseNet-121,20,ProtoNet vs Softmax CNN,f1_kl1,0.07206358312044611,0.023530286866844132,0.1284981361388641,1.0
DenseNet-121,20,ProtoNet vs Softmax CNN,qwk,0.04182624464763676,0.02547041704307512,0.056338698247940806,1.0
DenseNet-121,20,ProtoNet + Ordinal vs Softmax CNN,accuracy,0.054630872483221474,0.03323545861297545,0.07214765100671139,1.0
DenseNet-121,20,ProtoNet + Ordinal vs Softmax CNN,f1_macro,0.05447123255427724,0.03258564791014309,0.07526989597223373,1.0
DenseNet-121,20,ProtoNet + Ordinal vs Softmax CNN,f1_kl1,0.09318740667221202,0.04069647193854755,0.14659650653464465,1.0
DenseNet-121,20,ProtoNet + Ordinal vs Softmax CNN,qwk,0.044265814137276774,0.0295607619803401,0.05843984938232459,1.0
DenseNet-121,20,ProtoNet + CBAM vs Softmax CNN,accuracy,-0.002986577181208063,-0.025356543624161065,0.02125279642058159,0.41
DenseNet-121,20,ProtoNet + CBAM vs Softmax CNN,f1_macro,-0.014269704755229644,-0.03798227678337746,0.015115025212618517,0.18
DenseNet-121,20,ProtoNet + CBAM vs Softmax CNN,f1_kl1,0.02940728429139175,-0.039204862755771445,0.08503608987234804,0.81
DenseNet-121,20,ProtoNet + CBAM vs Softmax CNN,qwk,0.027343834023865695,0.010438900051924629,0.04295470440346953,1.0
DenseNet-121,20,ProtoNet + Ordinal + CBAM vs Softmax CNN,accuracy,0.00019015659955256114,-0.027404921700223683,0.02704837807606258,0.53
DenseNet-121,20,ProtoNet + Ordinal + CBAM vs Softmax CNN,f1_macro,-0.009866215517190902,-0.03777456036489876,0.024363426109016234,0.21
DenseNet-121,20,ProtoNet + Ordinal + CBAM vs Softmax CNN,f1_kl1,0.03169768717803384,-0.0353256414524809,0.08511225035248635,0.83
DenseNet-121,20,ProtoNet + Ordinal + CBAM vs Softmax CNN,qwk,0.022369404107117106,0.0007991974525553447,0.04034205892533707,0.98
