model,backbone,seed,shot,accuracy,f1_macro,f1_kl1,qwk
vanilla,resnet18,0,0 (no adaptation),0.37306501547987614,0.3190914354729449,0.18042226487523993,0.5999799422055643
vanilla,resnet18,0,1,0.37923076923076926,0.344974781924848,0.32805558574997457,0.5333341602067857
vanilla,resnet18,0,5,0.48400947119179166,0.45997994721313,0.41088047034711717,0.7024989827464115
vanilla,resnet18,0,10,0.51414653784219,0.49058960011563135,0.4398899155516315,0.7278286582187425
vanilla,resnet18,0,20,0.5373573825503355,0.5126809886340992,0.45902922934180346,0.7488124413931295
vanilla,resnet18,1,0 (no adaptation),0.3506191950464396,0.3070207756129064,0.06167400881057269,0.6282401936836228
vanilla,resnet18,1,1,0.38727272727272727,0.3509167570454136,0.33009540552501576,0.551290431481047
vanilla,resnet18,1,5,0.5047355958958168,0.47308349592202886,0.4436402784594354,0.734777940985903
vanilla,resnet18,1,10,0.5334380032206121,0.5014694558564865,0.47752189142725127,0.7566341096163081
vanilla,resnet18,1,20,0.5535822147651007,0.5198785355807092,0.4972476645886176,0.7738564297795731
vanilla,resnet18,2,0 (no adaptation),0.3560371517027864,0.3307833526754326,0.2194690265486726,0.6347510114909616
vanilla,resnet18,2,1,0.39511266511266513,0.3528709674551114,0.3206550751149898,0.587519009755858
vanilla,resnet18,2,5,0.48941594317284925,0.4586185406791028,0.40478280499658453,0.723671745465672
vanilla,resnet18,2,10,0.5170048309178745,0.48475816121162346,0.4295133249111973,0.747413608634559
vanilla,resnet18,2,20,0.5288171140939597,0.4962540355611709,0.43519540639220894,0.7576327530697956
vanilla,densenet121,0,0 (no adaptation),0.3219814241486068,0.31851173533515753,0.03636363636363637,0.5694067218959731
vanilla,densenet121,0,1,0.37995337995337997,0.3496903470065251,0.3261189065190181,0.5449971774991532
vanilla,densenet121,0,5,0.5003235990528808,0.4777946454006114,0.409134170574199,0.7309711805465829
vanilla,densenet121,0,10,0.523389694041868,0.5007102605323117,0.42353645945764506,0.7521485514561032
vanilla,densenet121,0,20,0.5390016778523491,0.5164094384961242,0.4231668800031956,0.7689320290413358
vanilla,densenet121,1,0 (no adaptation),0.35990712074303405,0.33915411509960225,0.12133891213389121,0.6381854832392461
vanilla,densenet121,1,1,0.39930846930846925,0.3564753171219459,0.3495427220155125,0.5944738447963009
vanilla,densenet121,1,5,0.5011681136543015,0.47350611920604857,0.42939848863746477,0.7426507664522046
vanilla,densenet121,1,10,0.5209017713365539,0.4956196618322516,0.4272223779638975,0.7619725749069098
vanilla,densenet121,1,20,0.5369463087248322,0.5129281713466587,0.43585963746277456,0.7763835481258435
vanilla,densenet121,2,0 (no adaptation),0.3893188854489164,0.36221179587814706,0.34177215189873417,0.6492543176340564
vanilla,densenet121,2,1,0.3866977466977467,0.35385408596528306,0.31789273469762813,0.5753556645244582
vanilla,densenet121,2,5,0.5103472770323599,0.49490506974864873,0.40878469881256796,0.748209145415365
vanilla,densenet121,2,10,0.5351046698872786,0.5199029554906514,0.4219587223641568,0.7656001824232096
vanilla,densenet121,2,20,0.5561996644295302,0.5413005306617653,0.43530755897080164,0.7796527819915527
baseline,resnet18,0,0 (no adaptation),0.26006191950464397,0.26083944071765996,0.24224519940915804,0.5490705027351086
baseline,resnet18,0,1,0.39989898989899,0.35807189747696777,0.37003707264145136,0.613617144961429
baseline,resnet18,0,5,0.5020363062352012,0.4826435596642873,0.43179655798028266,0.753142456022038
baseline,resnet18,0,10,0.5369162640901771,0.5155375961002335,0.4744217167032605,0.7792028714398334
baseline,resnet18,0,20,0.5543708053691274,0.5349848778556443,0.4880082878319179,0.792792558584906
baseline,resnet18,1,0 (no adaptation),0.40789473684210525,0.37188693146963486,0.424,0.7091412724134751
baseline,resnet18,1,1,0.4067909867909868,0.366849575630362,0.3662969742324879,0.6430063722537289
baseline,resnet18,1,5,0.5097947908445146,0.48658369744033547,0.44257089959989415,0.776246649470038
baseline,resnet18,1,10,0.5393961352657005,0.5182589877856998,0.464890947046075,0.7962530503841738
baseline,resnet18,1,20,0.5606040268456375,0.540741778776046,0.473228427856305,0.8129751094644928
baseline,resnet18,2,0 (no adaptation),0.35371517027863775,0.35898031147492626,0.30567685589519655,0.6554406095850056
baseline,resnet18,2,1,0.41724164724164725,0.3736325739723994,0.36877457875747255,0.6386268006721997
baseline,resnet18,2,5,0.5160852407261247,0.4852269917488838,0.4654871439727033,0.7670453034239195
baseline,resnet18,2,10,0.5440821256038647,0.5135304108041381,0.5018703358160338,0.7877159690315283
baseline,resnet18,2,20,0.5636073825503356,0.534330010803645,0.5163448362656888,0.8039054267686656
baseline,densenet121,0,0 (no adaptation),0.29566563467492263,0.30616605938800856,0.23785594639865995,0.5555939308767834
baseline,densenet121,0,1,0.413030303030303,0.3760431435918487,0.3510530673053482,0.6317215659445904
baseline,densenet121,0,5,0.5321862667719022,0.5113139193872805,0.45836519506357876,0.7797295731685786
baseline,densenet121,0,10,0.5594685990338164,0.5406524592167304,0.4832284811351893,0.7984407355917784
baseline,densenet121,0,20,0.5814261744966442,0.5645556492810884,0.4932476100300008,0.8174757311511424
baseline,densenet121,1,0 (no adaptation),0.22291021671826625,0.21618913239011378,0.07169811320754717,0.4417145332251853
baseline,densenet121,1,1,0.4026262626262627,0.36544182353354066,0.3404256007163374,0.6053351161948433
baseline,densenet121,1,5,0.5259116022099448,0.5044742252801973,0.4471125112631021,0.7676076164360403
baseline,densenet121,1,10,0.5579710144927537,0.5358693353014204,0.4798440670641881,0.7908399437087342
baseline,densenet121,1,20,0.5791946308724832,0.5571551080926783,0.5034749855503382,0.8068149541880935
baseline,densenet121,2,0 (no adaptation),0.27167182662538697,0.2907814266871567,0.08465608465608467,0.5289733970425148
baseline,densenet121,2,1,0.4341414141414141,0.39774386980288284,0.3779019914920015,0.6566888137761338
baseline,densenet121,2,5,0.5561957379636937,0.5343985960166342,0.4749030563276488,0.794736344101279
baseline,densenet121,2,10,0.5820128824476651,0.5578373757669982,0.49864848341206147,0.8140546664767656
baseline,densenet121,2,20,0.5965520134228188,0.572245273518771,0.5138022302177712,0.8261564077624064
ordinal,resnet18,0,0 (no adaptation),0.31811145510835914,0.3015159350193527,0.25316455696202533,0.6366595518369218
ordinal,resnet18,0,1,0.4047863247863248,0.3596813319497305,0.35664707934777584,0.6218306645397977
ordinal,resnet18,0,5,0.4959510655090765,0.46506620937348697,0.4459413868306856,0.7457949649285383
ordinal,resnet18,0,10,0.5241787439613527,0.49108306708086036,0.48467455536058635,0.7590463519011216
ordinal,resnet18,0,20,0.5426845637583892,0.512846752292146,0.4904244954775025,0.7749015464833552
ordinal,resnet18,1,0 (no adaptation),0.3606811145510836,0.35669034095187485,0.25,0.6602116058200154
ordinal,resnet18,1,1,0.40195027195027194,0.3672839250965204,0.3583657080684789,0.6387367146057459
ordinal,resnet18,1,5,0.5045935280189423,0.48534255458071834,0.42082948280672666,0.7717132564831155
ordinal,resnet18,1,10,0.5332045088566828,0.5140728297203951,0.456076453840368,0.7917638109989678
ordinal,resnet18,1,20,0.552491610738255,0.5334222345056591,0.4633695074859295,0.8067802322449553
ordinal,resnet18,2,0 (no adaptation),0.26160990712074306,0.27152383983232353,0.1946624803767661,0.5558822641033689
ordinal,resnet18,2,1,0.41721833721833723,0.3762633217489934,0.37048382896194815,0.6425942890675108
ordinal,resnet18,2,5,0.5146250986582479,0.4860151941982437,0.46589263639113015,0.7674540004881435
ordinal,resnet18,2,10,0.5453462157809984,0.5153632177493911,0.4914375317929299,0.7893312033324019
ordinal,resnet18,2,20,0.5594211409395973,0.5316407517213226,0.49708010106933764,0.8054216020721827
ordinal,densenet121,0,0 (no adaptation),0.22291021671826625,0.222528554233745,0.0707635009310987,0.4792469422695391
ordinal,densenet121,0,1,0.41585858585858587,0.3721578272081574,0.3624334314594474,0.6217447085765607
ordinal,densenet121,0,5,0.5371112865035517,0.5148375207747414,0.4672073080572183,0.76998081001773
ordinal,densenet121,0,10,0.5687520128824477,0.548324877057225,0.485755711668196,0.7944569093001478
ordinal,densenet121,0,20,0.5905033557046979,0.5712501176081826,0.5096128378432373,0.8090433736662404
ordinal,densenet121,1,0 (no adaptation),0.25386996904024767,0.25584213523958965,0.1674718196457327,0.5116355508808834
ordinal,densenet121,1,1,0.42260295260295266,0.38009298527806956,0.3607442680775604,0.6344081801749575
ordinal,densenet121,1,5,0.5528413575374901,0.5278754704282682,0.48986804570826714,0.7849988445535335
ordinal,densenet121,1,10,0.5860144927536232,0.5605203707986511,0.5259911933117148,0.809154811751095
ordinal,densenet121,1,20,0.608506711409396,0.5841318711222311,0.5464261582849816,0.8263465951105294
ordinal,densenet121,2,0 (no adaptation),0.25773993808049533,0.271362806537771,0.12947189097103917,0.5236467983251823
ordinal,densenet121,2,1,0.4176845376845377,0.3885506299158109,0.3425854454141385,0.6327443864281288
ordinal,densenet121,2,5,0.5550118389897396,0.5368635604925249,0.4780344171936395,0.7916014062658233
ordinal,densenet121,2,10,0.5812399355877617,0.5624504003284553,0.5002521776303456,0.8103099732204525
ordinal,densenet121,2,20,0.5970302013422818,0.5786698494369662,0.517857300325189,0.8223758327937929
attention,resnet18,0,0 (no adaptation),0.3506191950464396,0.3377605743644928,0.19791666666666666,0.6497084751586475
attention,resnet18,0,1,0.40763791763791773,0.36687061665076703,0.335373345453738,0.6448567352111272
attention,resnet18,0,5,0.4981373322809787,0.46720447951646316,0.40897384040475815,0.7695324178042291
attention,resnet18,0,10,0.5212077294685991,0.48921951494274707,0.4346782854439184,0.785977581153098
attention,resnet18,0,20,0.5379530201342281,0.5070197453869723,0.4351275633277426,0.801037556257682
attention,resnet18,1,0 (no adaptation),0.32275541795665635,0.30523583896467665,0.23909531502423262,0.6135801726765991
attention,resnet18,1,1,0.41174825174825164,0.3729723679294113,0.3306392515278452,0.642654825052601
attention,resnet18,1,5,0.5009550118389897,0.46772575891339807,0.40465718289782093,0.7579812423469715
attention,resnet18,1,10,0.5221980676328503,0.4881670285937391,0.43042017657013537,0.7757322579659396
attention,resnet18,1,20,0.5323489932885905,0.49894386599662127,0.43516283578432646,0.7872736780554673
attention,resnet18,2,0 (no adaptation),0.36145510835913314,0.35591286208397066,0.3380681818181818,0.6682392971676787
attention,resnet18,2,1,0.3981274281274282,0.3531936937684303,0.33310137727812683,0.6602653784741593
attention,resnet18,2,5,0.4769455406471982,0.43845280219734134,0.42378314777275766,0.7588558508290376
attention,resnet18,2,10,0.500426731078905,0.4627806376005727,0.4440114906735406,0.7765514557096108
attention,resnet18,2,20,0.5144966442953021,0.4766952893332918,0.45113504511143865,0.7916382709616167
attention,densenet121,0,0 (no adaptation),0.26238390092879255,0.2765953320448637,0.09923664122137406,0.4967898277047038
attention,densenet121,0,1,0.3885470085470086,0.35443535027107975,0.30960860536019796,0.5989092033578689
attention,densenet121,0,5,0.49082872928176796,0.4654975011828241,0.409317438890969,0.7458490919740235
attention,densenet121,0,10,0.5165942028985507,0.49135674578609473,0.43414021901851413,0.7710306262398272
attention,densenet121,0,20,0.5303104026845638,0.5042126535319369,0.4417496262611784,0.78531828803804
attention,densenet121,1,0 (no adaptation),0.32507739938080493,0.3366603880790289,0.25552050473186116,0.5827657871822688
attention,densenet121,1,1,0.39982128982128984,0.36444910988069223,0.32363110970974285,0.637895968064894
attention,densenet121,1,5,0.5048066298342542,0.4785044884837151,0.40128432198733643,0.7745010502731692
attention,densenet121,1,10,0.5260628019323671,0.501716168794767,0.4156013210967017,0.7949826117671561
attention,densenet121,1,20,0.538506711409396,0.5151694661888137,0.40852137650428744,0.8068780364140393
attention,densenet121,2,0 (no adaptation),0.24845201238390094,0.26664358809703836,0.11826086956521738,0.5528367731382546
attention,densenet121,2,1,0.41068376068376067,0.371059367199552,0.35615817074111417,0.6478253080995374
attention,densenet121,2,5,0.5171902131018152,0.47735962809875,0.48692946007880894,0.7796759095856425
attention,densenet121,2,10,0.5377616747181964,0.49428748714040205,0.5148459781238663,0.8002459266777124
attention,densenet121,2,20,0.5543708053691276,0.5084469065181085,0.5322849265454811,0.8148035367782498
full,resnet18,0,0 (no adaptation),0.2801857585139319,0.27655512637876817,0.2345864661654135,0.5762714996068137
full,resnet18,0,1,0.3914840714840715,0.35231281789194746,0.33297964603916563,0.6145501667267685
full,resnet18,0,5,0.484759273875296,0.4515727845365209,0.4225238457197254,0.7493243928464439
full,resnet18,0,10,0.506658615136876,0.47428208168660047,0.44358077371833937,0.7669881338060693
full,resnet18,0,20,0.5256795302013423,0.4953709600391353,0.45506009321939117,0.7845564174744847
full,resnet18,1,0 (no adaptation),0.3498452012383901,0.3422364031871201,0.2929745889387145,0.6510545349382045
full,resnet18,1,1,0.40826728826728825,0.37453707873825537,0.3396031692245034,0.6638405402726008
full,resnet18,1,5,0.49920284135753745,0.47344031392330144,0.4119722128735419,0.7792408168586071
full,resnet18,1,10,0.5269082125603864,0.5003962124227541,0.4390432188870052,0.800822338850927
full,resnet18,1,20,0.5408305369127517,0.5144625722404977,0.446839484827671,0.8144704481158201
full,resnet18,2,0 (no adaptation),0.34829721362229105,0.3330166864744417,0.3751651254953765,0.6665240859274204
full,resnet18,2,1,0.4072183372183373,0.37083689844329576,0.3468975804152231,0.6518020311395587
full,resnet18,2,5,0.4876558800315706,0.4560409921618763,0.4242229398943563,0.7557067827607905
full,resnet18,2,10,0.5155877616747183,0.4830076742639499,0.45736958041361947,0.770571078770965
full,resnet18,2,20,0.5265268456375839,0.49554589798534265,0.4542392874906912,0.7812560983707593
full,densenet121,0,0 (no adaptation),0.2964396284829721,0.30733514466176554,0.16637168141592923,0.5467137976988966
full,densenet121,0,1,0.4086402486402486,0.3746477052051608,0.3361221015835131,0.6462820337153836
full,densenet121,0,5,0.5182715074980269,0.49375722917948583,0.4408610223721648,0.7748801569139248
full,densenet121,0,10,0.5411030595813205,0.5136725532711643,0.4689314614165768,0.7930738414773575
full,densenet121,0,20,0.5536996644295302,0.5270167738447366,0.4758491769627086,0.8074049696966351
full,densenet121,1,0 (no adaptation),0.2801857585139319,0.2767547166544236,0.2161339421613394,0.5411977597951945
full,densenet121,1,1,0.4082439782439781,0.3682755845397694,0.3376807746753419,0.6323537140116451
full,densenet121,1,5,0.5082241515390686,0.47990831338971984,0.4081216071218202,0.7685113115822823
full,densenet121,1,10,0.5271497584541062,0.49633939334305954,0.4275233050503613,0.7907785958771725
full,densenet121,1,20,0.5401677852348993,0.5097297546826973,0.43380509934476325,0.8033288008230437
full,densenet121,2,0 (no adaptation),0.26393188854489164,0.2587573006478374,0.203125,0.5451127873408835
full,densenet121,2,1,0.3922688422688423,0.35337374634470897,0.3383881610636657,0.601327083765563
full,densenet121,2,5,0.4980820836621942,0.46410965023817013,0.4493939040430685,0.7452898977109895
full,densenet121,2,10,0.5206441223832527,0.4854711803614011,0.4675957187738563,0.7644277093750098
full,densenet121,2,20,0.5388506711409395,0.5042929654255415,0.4797728616634014,0.7813428009604044
