model,backbone,seed,labels,accuracy,f1_macro,mae,qwk,within_one,f1_kl0,f1_kl1,f1_kl2,f1_kl3,f1_kl4
vanilla,resnet18,0,consensus,0.37306501547987614,0.3190914354729449,0.9086687306501547,0.5999799422055643,0.7848297213622291,0.6124852767962309,0.18042226487523993,0.2323943661971831,0.3369397217928903,0.23321554770318023
vanilla,resnet18,0,expert1,0.3732612055641422,0.31902559764001026,0.9095826893353941,0.5990383668332145,0.7843894899536321,0.6126760563380282,0.18042226487523993,0.2323943661971831,0.33641975308641975,0.23321554770318023
vanilla,resnet18,0,expert2,0.37248840803709427,0.31870533728893236,0.9095826893353941,0.5994420827128517,0.7843894899536321,0.6117647058823529,0.17973231357552583,0.2323943661971831,0.33641975308641975,0.23321554770318023
vanilla,resnet18,1,consensus,0.3506191950464396,0.3070207756129064,0.8986068111455109,0.6282401936836228,0.7871517027863777,0.6456692913385826,0.06167400881057269,0.23333333333333334,0.3137254901960784,0.2807017543859649
vanilla,resnet18,1,expert1,0.3516228748068006,0.307390833794276,0.8972179289026275,0.6290774668886328,0.7874806800618238,0.6475195822454308,0.06167400881057269,0.23333333333333334,0.3137254901960784,0.2807017543859649
vanilla,resnet18,1,expert2,0.3500772797527048,0.3066286288557859,0.8987635239567233,0.6282989088712002,0.7874806800618238,0.6439790575916231,0.06140350877192983,0.23333333333333334,0.3137254901960784,0.2807017543859649
vanilla,resnet18,2,consensus,0.3560371517027864,0.3307833526754326,0.8498452012383901,0.6347510114909616,0.8188854489164087,0.5671191553544495,0.2194690265486726,0.28688524590163933,0.3686786296900489,0.21176470588235297
vanilla,resnet18,2,expert1,0.357032457496136,0.33130255009029985,0.848531684698609,0.6356484131401097,0.8191653786707882,0.5697151424287856,0.2194690265486726,0.28688524590163933,0.3686786296900489,0.21176470588235297
vanilla,resnet18,2,expert2,0.3554868624420402,0.3302874001340359,0.8500772797527048,0.634803931288376,0.8191653786707882,0.5654135338345865,0.21869488536155204,0.28688524590163933,0.3686786296900489,0.21176470588235297
vanilla,densenet121,0,consensus,0.3219814241486068,0.31851173533515753,0.958204334365325,0.5694067218959731,0.7445820433436533,0.524701873935264,0.03636363636363637,0.22945736434108524,0.3831168831168832,0.4189189189189189
vanilla,densenet121,0,expert1,0.321483771251932,0.3180678704183862,0.9590417310664606,0.5691581517765087,0.7442040185471407,0.5229202037351443,0.036281179138321996,0.22910216718266255,0.3831168831168832,0.4189189189189189
vanilla,densenet121,0,expert2,0.3222565687789799,0.3192943794659602,0.9574961360123647,0.5694138623329148,0.7449768160741885,0.524701873935264,0.04063205417607224,0.22910216718266255,0.3831168831168832,0.4189189189189189
vanilla,densenet121,1,consensus,0.35990712074303405,0.33915411509960225,0.8575851393188855,0.6381854832392461,0.7987616099071208,0.5960061443932412,0.12133891213389121,0.2647584973166368,0.40255591054313095,0.3111111111111111
vanilla,densenet121,1,expert1,0.3601236476043277,0.33912438466064104,0.8578052550231839,0.6381050498270591,0.7982998454404946,0.5963302752293578,0.12133891213389121,0.2642857142857143,0.40255591054313095,0.3111111111111111
vanilla,densenet121,1,expert2,0.35935085007727974,0.3387756187626334,0.8578052550231839,0.6380816745689557,0.7990726429675425,0.5950920245398773,0.12083333333333332,0.2642857142857143,0.40255591054313095,0.3111111111111111
vanilla,densenet121,2,consensus,0.3893188854489164,0.36221179587814706,0.81656346749226,0.6492543176340564,0.8103715170278638,0.5785123966942148,0.34177215189873417,0.2660098522167487,0.3971223021582733,0.22764227642276424
vanilla,densenet121,2,expert1,0.3894899536321484,0.36216807285141794,0.8168469860896446,0.6491336011762713,0.8098918083462133,0.5789473684210527,0.34177215189873417,0.26535626535626533,0.3971223021582733,0.22764227642276424
vanilla,densenet121,2,expert2,0.38871715610510044,0.3616745212044058,0.8168469860896446,0.6491331366714056,0.8106646058732612,0.5775577557755776,0.3406940063091483,0.26535626535626533,0.3971223021582733,0.22764227642276424
baseline,resnet18,0,consensus,0.26006191950464397,0.26083944071765996,1.0,0.5490705027351086,0.7662538699690402,0.1964735516372796,0.24224519940915804,0.1368209255533199,0.3477051460361613,0.380952380952381
baseline,resnet18,0,expert1,0.2596599690880989,0.2605160678273458,1.000772797527048,0.54896690502713,0.7658423493044823,0.19548872180451127,0.24188790560471973,0.13654618473895583,0.3477051460361613,0.380952380952381
baseline,resnet18,0,expert2,0.2604327666151468,0.26115898208472027,0.999227202472952,0.5491310835208024,0.7666151468315301,0.1964735516372796,0.24411764705882355,0.13654618473895583,0.3477051460361613,0.380952380952381
baseline,resnet18,1,consensus,0.40789473684210525,0.37188693146963486,0.7376160990712074,0.7091412724134751,0.8691950464396285,0.560530679933665,0.424,0.2040816326530612,0.3917525773195876,0.27906976744186046
baseline,resnet18,1,expert1,0.4072642967542504,0.3712908007580909,0.7380216383307573,0.7091666981334971,0.8693972179289027,0.5586776859504133,0.4228723404255319,0.2040816326530612,0.3917525773195876,0.27906976744186046
baseline,resnet18,1,expert2,0.4088098918083462,0.37249807205318924,0.7364760432766615,0.7092593657905593,0.8693972179289027,0.560530679933665,0.4270557029177719,0.2040816326530612,0.3917525773195876,0.27906976744186046
baseline,resnet18,2,consensus,0.35371517027863775,0.35898031147492626,0.8351393188854489,0.6554406095850056,0.8289473684210527,0.4899598393574297,0.30567685589519655,0.22675736961451248,0.3569230769230769,0.4155844155844156
baseline,resnet18,2,expert1,0.35316846986089645,0.3584108824389148,0.8353941267387944,0.6556715349487802,0.8292117465224111,0.48799999999999993,0.30478955007256897,0.22675736961451248,0.3569230769230769,0.4155844155844156
baseline,resnet18,2,expert2,0.3547140649149923,0.3597841588197654,0.8338485316846986,0.6556250117411238,0.8292117465224111,0.4899598393574297,0.3096960926193922,0.22675736961451248,0.3569230769230769,0.4155844155844156
baseline,densenet121,0,consensus,0.29566563467492263,0.30616605938800856,1.0193498452012384,0.5555939308767834,0.7097523219814241,0.40764331210191085,0.23785594639865995,0.14285714285714285,0.29066666666666663,0.45180722891566266
baseline,densenet121,0,expert1,0.29520865533230295,0.3056760973856123,1.0200927357032457,0.555503092804109,0.7094281298299846,0.40591966173361527,0.23745819397993306,0.14252873563218393,0.29066666666666663,0.45180722891566266
baseline,densenet121,0,expert2,0.29598145285935085,0.3065291886632848,1.01854714064915,0.5556516022740139,0.7102009273570324,0.40764331210191085,0.24000000000000002,0.14252873563218393,0.29066666666666663,0.45180722891566266
baseline,densenet121,1,consensus,0.22291021671826625,0.21618913239011378,1.1439628482972137,0.4417145332251853,0.6640866873065016,0.22815533980582525,0.07169811320754717,0.14207650273224046,0.3475177304964539,0.2914979757085021
baseline,densenet121,1,expert1,0.22256568778979907,0.21586555161144316,1.1452859350850078,0.4412581051613338,0.6630602782071098,0.22705314009661837,0.07169811320754717,0.1415607985480944,0.3475177304964539,0.2914979757085021
baseline,densenet121,1,expert2,0.22256568778979907,0.2160320831974894,1.1437403400309119,0.4416368159717563,0.6646058732612056,0.22815533980582525,0.07142857142857142,0.1415607985480944,0.3475177304964539,0.2914979757085021
baseline,densenet121,2,consensus,0.27167182662538697,0.2907814266871567,1.056501547987616,0.5289733970425148,0.6927244582043344,0.22277227722772275,0.08465608465608467,0.1497326203208556,0.36962750716332377,0.6271186440677965
baseline,densenet121,2,expert1,0.27125193199381764,0.29045556464281386,1.0579598145285936,0.5283762467666334,0.6916537867078826,0.22167487684729067,0.08465608465608467,0.1492007104795737,0.36962750716332377,0.6271186440677965
baseline,densenet121,2,expert2,0.27125193199381764,0.2906155325328503,1.0564142194744977,0.5288550196491869,0.6931993817619784,0.22277227722772275,0.0843585237258348,0.1492007104795737,0.36962750716332377,0.6271186440677965
ordinal,resnet18,0,consensus,0.31811145510835914,0.3015159350193527,0.8544891640866873,0.6366595518369218,0.8390092879256966,0.5058365758754865,0.25316455696202533,0.2074074074074074,0.38414634146341453,0.15702479338842976
ordinal,resnet18,0,expert1,0.31839258114374036,0.30162259622644,0.8539412673879444,0.6373119071434068,0.839258114374034,0.5067698259187621,0.2527646129541864,0.2074074074074074,0.38414634146341453,0.15702479338842976
ordinal,resnet18,0,expert2,0.31839258114374036,0.30171020428550216,0.8539412673879444,0.6368019474582524,0.839258114374034,0.5048543689320389,0.2551181102362205,0.2074074074074074,0.38414634146341453,0.15702479338842976
ordinal,resnet18,1,consensus,0.3606811145510836,0.35669034095187485,0.8289473684210527,0.6602116058200154,0.8250773993808049,0.5199306759098786,0.25,0.20476190476190473,0.4087591240875912,0.39999999999999997
ordinal,resnet18,1,expert1,0.3601236476043277,0.3561734200684559,0.8292117465224111,0.660382375438478,0.8253477588871716,0.5181347150259068,0.249211356466877,0.20476190476190473,0.4087591240875912,0.39999999999999997
ordinal,resnet18,1,expert2,0.3616692426584235,0.35763373717828995,0.8276661514683153,0.6603745897702648,0.8253477588871716,0.5199306759098786,0.25471698113207547,0.20476190476190473,0.4087591240875912,0.39999999999999997
ordinal,resnet18,2,consensus,0.26160990712074306,0.27152383983232353,1.020123839009288,0.5558822641033689,0.7360681114551083,0.28162291169451076,0.1946624803767661,0.13721413721413722,0.31911966987620355,0.425
ordinal,resnet18,2,expert1,0.26120556414219476,0.2711344101715019,1.0200927357032457,0.5564408561423616,0.7364760432766615,0.28028503562945367,0.19405320813771515,0.13721413721413722,0.31911966987620355,0.425
ordinal,resnet18,2,expert2,0.26275115919629055,0.27252894126087046,1.01854714064915,0.5561693217094134,0.7364760432766615,0.28162291169451076,0.19968798751950081,0.13721413721413722,0.31911966987620355,0.425
ordinal,densenet121,0,consensus,0.22291021671826625,0.222528554233745,1.0952012383900929,0.4792469422695391,0.6973684210526315,0.1636828644501279,0.0707635009310987,0.1656441717791411,0.37431693989071035,0.3382352941176471
ordinal,densenet121,0,expert1,0.22256568778979907,0.22226064447837843,1.0965996908809892,0.478670520700031,0.69629057187017,0.1628498727735369,0.0707635009310987,0.1651376146788991,0.37431693989071035,0.3382352941176471
ordinal,densenet121,0,expert2,0.22256568778979907,0.22237472815623383,1.0950540958268933,0.47913576509495037,0.6978361669242659,0.1636828644501279,0.07050092764378478,0.1651376146788991,0.37431693989071035,0.3382352941176471
ordinal,densenet121,1,consensus,0.25386996904024767,0.25584213523958965,1.063467492260062,0.5116355508808834,0.7058823529411765,0.26730310262529833,0.1674718196457327,0.15350877192982457,0.33456334563345635,0.3563636363636364
ordinal,densenet121,1,expert1,0.2534775888717156,0.2554671350043834,1.0641421947449767,0.5116504721367323,0.705564142194745,0.2660332541567696,0.1672025723472669,0.15317286652078774,0.33456334563345635,0.3563636363636364
ordinal,densenet121,1,expert2,0.2542503863987635,0.25625494920299474,1.062596599690881,0.5117301429584504,0.7063369397217929,0.26730310262529833,0.16987179487179488,0.15317286652078774,0.33456334563345635,0.3563636363636364
ordinal,densenet121,2,consensus,0.25773993808049533,0.271362806537771,1.0356037151702786,0.5236467983251823,0.7229102167182663,0.25181598062953997,0.12947189097103917,0.13263525305410123,0.3851444291609354,0.4577464788732394
ordinal,densenet121,2,expert1,0.25734157650695516,0.27102782433744926,1.0370942812983,0.5229429982882514,0.7217928902627512,0.2506024096385542,0.12947189097103917,0.13217391304347825,0.3851444291609354,0.4577464788732394
ordinal,densenet121,2,expert2,0.25734157650695516,0.2711826119543418,1.035548686244204,0.523495855049241,0.723338485316847,0.25181598062953997,0.12903225806451615,0.13217391304347825,0.3851444291609354,0.4577464788732394
attention,resnet18,0,consensus,0.3506191950464396,0.3377605743644928,0.8405572755417957,0.6497084751586475,0.8227554179566563,0.5636672325976231,0.19791666666666666,0.26883910386965376,0.38278931750741835,0.2755905511811023
attention,resnet18,0,expert1,0.3500772797527048,0.33724210714812575,0.8408037094281299,0.6498973951477403,0.8230293663060279,0.5617597292724196,0.19723183391003463,0.26883910386965376,0.38278931750741835,0.2755905511811023
attention,resnet18,0,expert2,0.3516228748068006,0.3388668962035733,0.839258114374034,0.6498784095391752,0.8230293663060279,0.5636672325976231,0.20344827586206896,0.26883910386965376,0.38278931750741835,0.2755905511811023
attention,resnet18,1,consensus,0.32275541795665635,0.30523583896467665,0.8831269349845201,0.6135801726765991,0.8088235294117647,0.49512670565302136,0.23909531502423262,0.21414141414141413,0.39058171745152354,0.18723404255319148
attention,resnet18,1,expert1,0.3230293663060278,0.3053581765146472,0.8825347758887172,0.614304049852047,0.8091190108191654,0.4961240310077519,0.23870967741935484,0.21414141414141413,0.39058171745152354,0.18723404255319148
attention,resnet18,1,expert2,0.3230293663060278,0.30545563090814787,0.8825347758887172,0.6137534329882096,0.8091190108191654,0.4941634241245136,0.24115755627009647,0.21414141414141413,0.39058171745152354,0.18723404255319148
attention,resnet18,2,consensus,0.36145510835913314,0.35591286208397066,0.8157894736842105,0.6682392971676787,0.8390092879256966,0.5009416195856874,0.3380681818181818,0.20823244552058115,0.36990595611285265,0.3624161073825504
attention,resnet18,2,expert1,0.3608964451313756,0.35534041965455326,0.8168469860896446,0.6677584674121522,0.8384853168469861,0.49906191369605996,0.3375886524822695,0.20772946859903382,0.36990595611285265,0.3624161073825504
attention,resnet18,2,expert2,0.3616692426584235,0.3560911338720928,0.8153013910355487,0.6681802875505891,0.839258114374034,0.5009416195856874,0.33946251768033947,0.20772946859903382,0.36990595611285265,0.3624161073825504
attention,densenet121,0,consensus,0.26238390092879255,0.2765953320448637,1.0804953560371517,0.4967898277047038,0.6873065015479877,0.304147465437788,0.09923664122137406,0.17465753424657535,0.336986301369863,0.46794871794871795
attention,densenet121,0,expert1,0.26197836166924265,0.2762187812606312,1.0811437403400308,0.4968672661094077,0.6870170015455951,0.3027522935779816,0.09904761904761904,0.17435897435897435,0.336986301369863,0.46794871794871795
attention,densenet121,0,expert2,0.26275115919629055,0.2771816504568448,1.0795981452859351,0.4969029901948041,0.6877897990726429,0.304147465437788,0.10246679316888047,0.17435897435897435,0.336986301369863,0.46794871794871795
attention,densenet121,1,consensus,0.32507739938080493,0.3366603880790289,0.9465944272445821,0.5827657871822688,0.7492260061919505,0.38961038961038963,0.25552050473186116,0.20568927789934355,0.3550624133148405,0.4774193548387097
attention,densenet121,1,expert1,0.32457496136012365,0.33615421750900365,0.9474497681607419,0.5825735867021684,0.7488408037094282,0.3879310344827586,0.25511811023622044,0.20524017467248906,0.3550624133148405,0.4774193548387097
attention,densenet121,1,expert2,0.32534775888717155,0.3369578322643658,0.9459041731066461,0.5827951610413414,0.749613601236476,0.38961038961038963,0.25745682888540034,0.20524017467248906,0.3550624133148405,0.4774193548387097
attention,densenet121,2,consensus,0.24845201238390094,0.26664358809703836,1.0410216718266254,0.5528367731382546,0.7298761609907121,0.23471882640586797,0.11826086956521738,0.16420361247947457,0.2987012987012987,0.5173333333333333
attention,densenet121,2,expert1,0.24806800618238023,0.2663076530097091,1.0425038639876352,0.5521569207946441,0.7287480680061824,0.23357664233576642,0.11826086956521738,0.1636661211129296,0.2987012987012987,0.5173333333333333
attention,densenet121,2,expert2,0.24806800618238023,0.26645410655193374,1.0409582689335395,0.5526933352414085,0.7302936630602782,0.23471882640586797,0.11785095320623916,0.1636661211129296,0.2987012987012987,0.5173333333333333
full,resnet18,0,consensus,0.2801857585139319,0.27655512637876817,0.9280185758513931,0.5762714996068137,0.8065015479876161,0.2602409638554217,0.2345864661654135,0.22148760330578512,0.4018691588785047,0.26459143968871596
full,resnet18,0,expert1,0.2797527047913447,0.27616195015361433,0.9289026275115919,0.5760094836980532,0.8060278207109737,0.2589928057553957,0.23423423423423423,0.22112211221122116,0.4018691588785047,0.26459143968871596
full,resnet18,0,expert2,0.28052550231839257,0.27687012414832957,0.9273570324574961,0.576287448643283,0.8068006182380216,0.2602409638554217,0.23652694610778444,0.22112211221122116,0.4018691588785047,0.26459143968871596
full,resnet18,1,consensus,0.3498452012383901,0.3422364031871201,0.826625386996904,0.6510545349382045,0.8351393188854489,0.4812623274161735,0.2929745889387145,0.23899371069182393,0.4088888888888889,0.2890625
full,resnet18,1,expert1,0.34930448222565685,0.34168355143377305,0.8268933539412674,0.6512764876999806,0.8353941267387944,0.4793713163064833,0.29210134128166915,0.23899371069182393,0.4088888888888889,0.2890625
full,resnet18,1,expert2,0.3508500772797527,0.343076849440982,0.8253477588871716,0.6512402806067232,0.8353941267387944,0.4812623274161735,0.2971768202080238,0.23899371069182393,0.4088888888888889,0.2890625
full,resnet18,2,consensus,0.34829721362229105,0.3330166864744417,0.8080495356037152,0.6665240859274204,0.8568111455108359,0.43659043659043656,0.3751651254953765,0.2626728110599078,0.3579277864992151,0.23272727272727275
full,resnet18,2,expert1,0.34775888717156106,0.3324574054143279,0.8083462132921174,0.6667036938812065,0.857032457496136,0.4347826086956522,0.37417654808959155,0.2626728110599078,0.3579277864992151,0.23272727272727275
full,resnet18,2,expert2,0.34930448222565685,0.33367354310992625,0.8068006182380216,0.6666972559341441,0.857032457496136,0.43659043659043656,0.3784494086727989,0.2626728110599078,0.3579277864992151,0.23272727272727275
full,densenet121,0,consensus,0.2964396284829721,0.30733514466176554,0.9852941176470589,0.5467137976988966,0.7352941176470589,0.36241610738255037,0.16637168141592923,0.22260273972602743,0.3739376770538244,0.4113475177304965
full,densenet121,0,expert1,0.29598145285935085,0.30689490973980826,0.9853168469860897,0.547279473721092,0.7357032457496137,0.36080178173719374,0.16578483245149914,0.22260273972602743,0.3739376770538244,0.4113475177304965
full,densenet121,0,expert2,0.2975270479134467,0.308507205566629,0.9837712519319938,0.5470057904952066,0.7357032457496137,0.36241610738255037,0.17223198594024605,0.22260273972602743,0.3739376770538244,0.4113475177304965
full,densenet121,1,consensus,0.2801857585139319,0.2767547166544236,0.9837461300309598,0.5411977597951945,0.7515479876160991,0.21182266009852216,0.2161339421613394,0.25,0.38397790055248615,0.32183908045977005
full,densenet121,1,expert1,0.2797527047913447,0.2763882433028272,0.9845440494590417,0.541078388005825,0.7511591962905718,0.21078431372549022,0.21580547112462006,0.2495344506517691,0.38397790055248615,0.32183908045977005
full,densenet121,1,expert2,0.28052550231839257,0.27707118198887315,0.9829984544049459,0.5412548412744695,0.7519319938176198,0.21182266009852216,0.21818181818181817,0.2495344506517691,0.38397790055248615,0.32183908045977005
full,densenet121,2,consensus,0.26393188854489164,0.2587573006478374,0.9876160990712074,0.5451127873408835,0.7639318885448917,0.27619047619047615,0.203125,0.19202898550724634,0.3704735376044568,0.25196850393700787
full,densenet121,2,expert1,0.2635239567233385,0.25836895109487895,0.9876352395672334,0.5456739517962581,0.7642967542503863,0.27488151658767773,0.20249221183800623,0.19202898550724634,0.3704735376044568,0.25196850393700787
full,densenet121,2,expert2,0.2650695517774343,0.2597472074801356,0.9860896445131375,0.545406720965223,0.7642967542503863,0.27619047619047615,0.2080745341614907,0.19202898550724634,0.3704735376044568,0.25196850393700787
