i,j,pixel_corr,cosine,file_i,file_j,grade_i,grade_j
203,967,1.0000002,0.98914033,NormalG0 (349).png,NormalG0 (395).png,0,0
928,1176,0.99999785,0.98721075,NormalG0 (366).png,NormalG0 (318).png,0,0
730,975,0.9999513,0.99723697,MildG2 (101).png,MildG2 (144).png,2,2
436,572,0.999943,0.9977906,DoubtfulG1 (337).png,NormalG0 (316).png,1,0
463,1197,0.9999401,0.9942545,NormalG0 (375).png,NormalG0 (434).png,0,0
336,1257,0.999934,0.99035,NormalG0 (201).png,NormalG0 (389).png,0,0
129,1306,0.9999318,0.9709167,NormalG0 (267).png,NormalG0 (374).png,0,0
605,1003,0.9999261,0.9920584,NormalG0 (397).png,NormalG0 (210).png,0,0
481,614,0.9999252,0.9945413,MildG2 (112).png,ModerateG3 (130).png,2,3
336,957,0.9999196,0.9895208,NormalG0 (201).png,NormalG0 (324).png,0,0
127,718,0.9999167,0.98924667,NormalG0 (341).png,NormalG0 (383).png,0,0
426,1383,0.99991304,0.99280727,DoubtfulG1 (67).png,DoubtfulG1 (74).png,1,1
957,1257,0.99991125,0.986719,NormalG0 (324).png,NormalG0 (389).png,0,0
52,1074,0.9999075,0.99559724,NormalG0 (435).png,NormalG0 (309).png,0,0
813,1372,0.99989855,0.9966353,NormalG0 (327).png,NormalG0 (336).png,0,0
76,1156,0.9998983,0.97865546,NormalG0 (326).png,NormalG0 (391).png,0,0
614,615,0.99989676,0.97329545,ModerateG3 (130).png,MildG2 (171).png,3,2
398,783,0.9998964,0.9632478,NormalG0 (252).png,NormalG0 (421).png,0,0
481,615,0.9998939,0.96818686,MildG2 (112).png,MildG2 (171).png,2,2
671,1101,0.99989295,0.96747935,NormalG0 (339).png,NormalG0 (264).png,0,0
953,1185,0.9998867,0.9830087,NormalG0 (219).png,NormalG0 (387).png,0,0
502,1259,0.99988604,0.99811065,NormalG0 (221).png,NormalG0 (359).png,0,0
263,1241,0.9998857,0.9971421,NormalG0 (438).png,NormalG0 (272).png,0,0
177,255,0.9998851,0.975852,NormalG0 (274).png,NormalG0 (378).png,0,0
770,1101,0.99988246,0.98985875,NormalG0 (431).png,NormalG0 (264).png,0,0
47,968,0.9998794,0.9774432,NormalG0 (331).png,NormalG0 (207).png,0,0
652,1343,0.99987876,0.9727691,NormalG0 (370).png,NormalG0 (200).png,0,0
220,408,0.9998777,0.9887141,ModerateG3 (83).png,ModerateG3 (43).png,3,3
511,732,0.9998757,0.99304426,MildG2 (105).png,MildG2 (128).png,2,2
794,1101,0.99987555,0.9681966,NormalG0 (355).png,NormalG0 (264).png,0,0
476,904,0.9998752,0.98665595,ModerateG3 (82).png,ModerateG3 (44).png,3,3
1345,1372,0.9998737,0.9924109,NormalG0 (300).png,NormalG0 (336).png,0,0
1215,1241,0.9998727,0.98426473,NormalG0 (217).png,NormalG0 (272).png,0,0
398,1250,0.99987155,0.96019083,NormalG0 (252).png,NormalG0 (302).png,0,0
255,1058,0.9998714,0.99527293,NormalG0 (378).png,NormalG0 (439).png,0,0
1018,1074,0.9998712,0.9636909,NormalG0 (376).png,NormalG0 (309).png,0,0
813,1345,0.9998709,0.9943838,NormalG0 (327).png,NormalG0 (300).png,0,0
398,1032,0.99986994,0.9066949,NormalG0 (252).png,NormalG0 (206).png,0,0
177,1058,0.99986887,0.98231906,NormalG0 (274).png,NormalG0 (439).png,0,0
263,1215,0.99986815,0.98524475,NormalG0 (438).png,NormalG0 (217).png,0,0
783,1250,0.99986064,0.99507296,NormalG0 (421).png,NormalG0 (302).png,0,0
28,1403,0.99985933,0.99341094,NormalG0 (333).png,NormalG0 (437).png,0,0
150,1058,0.99985874,0.98085713,NormalG0 (361).png,NormalG0 (439).png,0,0
770,794,0.9998587,0.97657394,NormalG0 (431).png,NormalG0 (355).png,0,0
820,1383,0.9998573,0.97109735,DoubtfulG1 (8).png,DoubtfulG1 (74).png,1,1
150,177,0.99985516,0.9945599,NormalG0 (361).png,NormalG0 (274).png,0,0
671,794,0.9998541,0.990072,NormalG0 (339).png,NormalG0 (355).png,0,0
669,742,0.99985385,0.9706879,NormalG0 (304).png,NormalG0 (337).png,0,0
671,770,0.9998525,0.9748822,NormalG0 (339).png,NormalG0 (431).png,0,0
203,968,0.99984515,0.9900317,NormalG0 (349).png,NormalG0 (207).png,0,0
