Backbone,Model,accuracy,f1_macro,f1_kl0,f1_kl1,f1_kl2,f1_kl3,f1_kl4,mae,qwk,within_one,internal_f1_macro,internal_f1_kl1
ResNet-18,Softmax CNN,0.360 ± 0.012,0.319 ± 0.012,0.608 ± 0.039,0.154 ± 0.082,0.251 ± 0.031,0.340 ± 0.028,0.242 ± 0.035,0.886 ± 0.031,0.621 ± 0.018,0.797 ± 0.019,0.664,0.292
ResNet-18,ProtoNet,0.341 ± 0.075,0.331 ± 0.061,0.416 ± 0.193,0.324 ± 0.092,0.189 ± 0.047,0.365 ± 0.023,0.359 ± 0.071,0.858 ± 0.133,0.638 ± 0.081,0.821 ± 0.052,0.681,0.365
ResNet-18,ProtoNet + Ordinal,0.313 ± 0.050,0.310 ± 0.043,0.436 ± 0.134,0.233 ± 0.033,0.183 ± 0.040,0.371 ± 0.046,0.327 ± 0.148,0.901 ± 0.104,0.618 ± 0.055,0.800 ± 0.056,0.686,0.375
ResNet-18,ProtoNet + CBAM,0.345 ± 0.020,0.333 ± 0.026,0.520 ± 0.038,0.258 ± 0.072,0.230 ± 0.033,0.381 ± 0.010,0.275 ± 0.088,0.846 ± 0.034,0.644 ± 0.028,0.824 ± 0.015,0.680,0.361
ResNet-18,ProtoNet + Ordinal + CBAM,0.326 ± 0.040,0.317 ± 0.036,0.393 ± 0.117,0.301 ± 0.071,0.241 ± 0.021,0.390 ± 0.028,0.262 ± 0.028,0.854 ± 0.065,0.631 ± 0.048,0.833 ± 0.025,0.675,0.361
DenseNet-121,Softmax CNN,0.357 ± 0.034,0.340 ± 0.022,0.566 ± 0.037,0.166 ± 0.158,0.253 ± 0.021,0.394 ± 0.010,0.319 ± 0.096,0.877 ± 0.073,0.619 ± 0.043,0.785 ± 0.035,0.687,0.309
DenseNet-121,ProtoNet,0.263 ± 0.037,0.271 ± 0.048,0.286 ± 0.105,0.131 ± 0.092,0.145 ± 0.004,0.336 ± 0.041,0.457 ± 0.168,1.073 ± 0.064,0.509 ± 0.060,0.689 ± 0.023,0.699,0.393
DenseNet-121,ProtoNet + Ordinal,0.245 ± 0.019,0.250 ± 0.025,0.228 ± 0.056,0.123 ± 0.049,0.151 ± 0.017,0.365 ± 0.027,0.384 ± 0.064,1.065 ± 0.030,0.505 ± 0.023,0.709 ± 0.013,0.699,0.397
DenseNet-121,ProtoNet + CBAM,0.279 ± 0.041,0.293 ± 0.038,0.309 ± 0.078,0.158 ± 0.085,0.182 ± 0.022,0.330 ± 0.029,0.488 ± 0.026,1.023 ± 0.069,0.544 ± 0.044,0.722 ± 0.032,0.705,0.406
DenseNet-121,ProtoNet + Ordinal + CBAM,0.280 ± 0.016,0.281 ± 0.025,0.283 ± 0.076,0.195 ± 0.026,0.222 ± 0.029,0.376 ± 0.007,0.328 ± 0.080,0.986 ± 0.002,0.544 ± 0.003,0.750 ± 0.014,0.698,0.385
